,Week,Team,Opponent,LastYrTotalYdsDif,LastYrTotalPlaysDif,LastYrY/PDif,LastYrTODif,LastYr1stDsDif,LastYrPCmpDif,LastYrPAttDif,LastYrPYDsDif,LastYrPTDDif,LastYrPIntDif,LastYrPNY/ADif,LastYrPFDDif,LastYrRAttDif,LastYrRYDsDif,LastYrRTDsDif,LastYrRY/ADif,LastYrR1stDDif,LastYrPenDif,LastYrSc%Dif,LastYrTO%Dif,LastYrAvgPlyDif,LastYrAvgDrYdsDif,LastYrAvgDrPtsDif,MA3Off1stDDif,MA3OffTotYdsDif,MA3OffPYDSDif,MA3OffRYDSDif,MA3OffTOsDif,MA3Def1stDDif,MA3DefTotYdsDif,MA3DefPYDSDif,MA3DefRYDSDif,MA3DefTOsDif,score_diff
0,1,0,5,-1380,-93,-0.7999999999999998,7,-50,-54,-90,-1198,-7,3,-1.0999999999999996,-44,0,-182,1,-0.39999999999999947,7,4,-5.800000000000004,4.4,-0.20000000000000018,-5.300000000000001,-0.25,0.0,0.0,0.0,0.0,0.0,0.0,0.0,0.0,0.0,0.0,1
0,2,0,6,-1236,-66,-0.7999999999999998,6,-53,-49,-68,-1177,-2,0,-1.5,-48,-4,-59,-1,-0.09999999999999964,8,-11,-7.600000000000001,2.700000000000001,-0.6000000000000005,-7.900000000000002,-0.3500000000000001,-2.0,-100.0,-77.0,-23.0,2.0,-6.0,-271.0,-250.0,-21.0,1.0,14
0,3,0,11,-1912,-116,-1.1999999999999993,9,-79,-76,-92,-1547,-10,4,-1.6999999999999993,-64,-26,-365,0,-0.5,-14,-14,-13.0,4.100000000000001,-1.0,-12.599999999999998,-0.6699999999999999,5.5,6.5,-103.5,110.0,0.0,-0.5,-105.0,-38.0,-67.0,0.5,4
0,4,0,8,-1040,-34,-0.7999999999999998,-1,-29,-57,-113,-1076,-7,-2,-0.7999999999999998,-51,73,36,10,-0.7000000000000002,18,8,0.6999999999999957,-0.6999999999999993,-0.20000000000000018,-5.899999999999999,0.08000000000000007,0.0,-17.0,-71.33333333333331,54.33333333333334,1.0,7.666666666666666,100.66666666666669,49.66666666666666,51.00000000000001,0.3333333333333335,-6
0,5,0,13,-628,-33,-0.39999999999999947,10,-5,-24,-41,-604,1,5,-0.6999999999999993,-25,11,-24,8,-0.09999999999999964,13,-21,0.19999999999999574,4.4,-0.7000000000000002,-6.099999999999998,0.1100000000000001,3.666666666666668,77.0,41.0,35.999999999999986,1.6666666666666667,-2.666666666666668,-34.0,-19.333333333333314,-14.666666666666657,1.3333333333333335,7
0,7,0,7,-1551,-56,-1.1999999999999993,-1,-57,-22,-16,-1065,-9,-5,-1.8999999999999995,-38,-45,-486,0,-0.5999999999999996,-5,-8,-6.600000000000001,0.10000000000000142,-0.5,-9.400000000000002,-0.43999999999999995,2.333333333333332,61.33333333333334,32.0,29.33333333333333,0.6666666666666667,-4.0,-75.0,-59.0,-16.000000000000007,0.3333333333333333,10
0,8,0,2,-1153,-34,-0.8999999999999995,10,-15,-104,-134,-1441,0,6,-1.0,-58,108,288,3,-0.5,40,-16,-5.300000000000004,5.200000000000001,-0.6000000000000005,-8.3,-0.1499999999999999,-5.666666666666666,-110.0,-83.0,-27.0,-2.333333333333333,-6.666666666666666,-114.66666666666669,-59.0,-55.66666666666667,-1.3333333333333335,-18
0,9,0,17,-948,-28,-0.7999999999999998,1,-37,-49,-45,-927,-5,1,-1.0999999999999996,-40,27,-21,5,-0.2999999999999998,2,-3,-1.8000000000000043,-0.29999999999999893,-0.7000000000000002,-8.2,-0.1299999999999999,-1.333333333333334,-41.0,-1.3333333333333428,-39.66666666666666,-0.6666666666666667,-5.0,-78.66666666666666,-60.33333333333334,-18.33333333333333,-0.33333333333333326,15
0,10,0,10,-1582,-154,-0.6999999999999993,-4,-84,-80,-134,-1258,1,-1,-0.7999999999999998,-59,-19,-324,-3,-0.5,-19,-20,-2.0,-1.0999999999999996,-0.5,-6.199999999999999,-0.04999999999999982,5.0,54.99999999999997,25.666666666666657,29.33333333333333,-0.6666666666666667,8.333333333333334,125.00000000000003,42.33333333333334,82.66666666666667,0.6666666666666667,-3
0,11,0,7,-1551,-56,-1.1999999999999993,-1,-57,-22,-16,-1065,-9,-5,-1.8999999999999995,-38,-45,-486,0,-0.5999999999999996,-5,-8,-6.600000000000001,0.10000000000000142,-0.5,-9.400000000000002,-0.43999999999999995,1.0,30.0,-11.333333333333343,41.33333333333333,-1.6666666666666667,0.0,-11.0,-58.333333333333314,47.33333333333333,-1.3333333333333335,17
0,12,0,15,-1136,-54,-0.7999999999999998,-1,-25,-40,-57,-1062,-4,-1,-1.1999999999999993,-40,11,-74,6,-0.2999999999999998,26,-24,-0.8000000000000043,0.20000000000000107,-0.40000000000000036,-6.599999999999998,0.010000000000000009,9.0,113.33333333333331,72.33333333333331,41.0,-0.6666666666666666,4.999999999999998,80.66666666666669,24.0,56.666666666666664,-0.3333333333333333,17
0,13,0,18,-562,-13,-0.5,7,-16,-54,-50,-888,0,7,-1.0999999999999996,-36,40,326,5,0.40000000000000036,22,10,-3.200000000000003,2.3000000000000007,-0.7000000000000002,-6.5,-0.07999999999999985,-0.6666666666666679,-27.0,-114.33333333333331,87.33333333333334,-0.6666666666666667,-3.666666666666668,-51.0,-11.0,-40.0,0.6666666666666666,11
0,14,0,31,19,-6,0.10000000000000053,10,7,-24,-85,-493,1,4,0.0,-17,86,512,6,0.5,29,-14,4.199999999999996,4.800000000000001,-0.2999999999999998,-1.1999999999999993,0.24,-3.666666666666668,-16.666666666666686,44.333333333333314,-61.0,0.0,5.0,26.33333333333337,62.0,-35.66666666666667,-0.3333333333333335,-7
0,15,0,9,-529,-19,-0.39999999999999947,12,-24,-49,-74,-830,-5,8,-0.5999999999999996,-43,71,301,4,0.0,27,-37,-0.4000000000000057,6.100000000000001,-0.20000000000000018,-3.599999999999998,-0.04999999999999982,2.0,17.666666666666686,1.3333333333333428,16.333333333333343,-0.6666666666666666,4.000000000000002,19.333333333333314,5.0,14.333333333333329,-1.0000000000000002,7
0,16,0,8,-1040,-34,-0.7999999999999998,-1,-29,-57,-113,-1076,-7,-2,-0.7999999999999998,-51,73,36,10,-0.7000000000000002,18,8,0.6999999999999957,-0.6999999999999993,-0.20000000000000018,-5.899999999999999,0.08000000000000007,-3.3333333333333357,-63.666666666666686,-45.0,-18.66666666666667,0.33333333333333337,3.3333333333333357,-8.333333333333314,-2.0,-6.333333333333329,0.33333333333333304,-7
0,17,0,5,-1380,-93,-0.7999999999999998,7,-50,-54,-90,-1198,-7,3,-1.0999999999999996,-44,0,-182,1,-0.39999999999999947,7,4,-5.800000000000004,4.4,-0.20000000000000018,-5.300000000000001,-0.25,-0.6666666666666661,-68.33333333333331,-77.0,8.666666666666671,-0.33333333333333326,-1.6666666666666643,-50.666666666666686,-16.333333333333343,-34.33333333333334,1.3333333333333335,-7
0,19,0,29,-784,-54,-0.5,-2,-5,-72,-102,-1300,-6,1,-1.0999999999999996,-43,55,516,9,0.8000000000000003,35,-18,1.6999999999999957,0.40000000000000036,-0.2999999999999998,-4.599999999999998,0.1100000000000001,-1.3333333333333321,15.666666666666686,19.66666666666667,-4.0,0.0,-1.0,-72.33333333333334,-31.666666666666657,-40.66666666666667,-1.0,-3
0,1,1,21,-588,25,-0.6999999999999993,-10,-19,-43,8,-419,1,-7,-0.8999999999999995,-14,18,-169,-6,-0.6000000000000005,-18,-10,-0.9000000000000057,-4.299999999999999,0.20000000000000018,-3.200000000000003,-0.1299999999999999,0.0,0.0,0.0,0.0,0.0,0.0,0.0,0.0,0.0,0.0,14
0,2,1,11,-1072,-61,-0.6999999999999993,-11,-35,-45,-42,-682,3,-10,-0.6999999999999993,-26,-22,-390,-4,-0.6000000000000005,-21,4,-6.5,-6.299999999999999,-0.5,-6.899999999999999,-0.25,-5.0,-173.0,-237.0,64.0,-1.0,9.0,63.0,14.0,49.0,3.0,24
0,3,1,9,311,36,0.10000000000000053,-8,20,-18,-24,35,8,-6,0.40000000000000036,-5,75,276,0,-0.10000000000000053,20,-19,6.099999999999994,-4.299999999999999,0.2999999999999998,2.1000000000000014,0.3700000000000001,6.0,129.0,7.0,122.0,0.5,-7.0,-139.5,-87.5,-52.0,1.5,4
0,5,1,10,-742,-99,-0.1999999999999993,-24,-40,-49,-84,-393,14,-15,0.20000000000000018,-21,-15,-349,-7,-0.6000000000000005,-26,-2,4.5,-11.5,0.0,-0.5,0.3700000000000001,-1.0,-56.0,-78.99999999999997,23.000000000000014,1.0,-10.666666666666666,-148.66666666666669,-64.66666666666666,-84.0,-1.3333333333333335,28
0,6,1,25,-191,63,-0.5999999999999996,-23,15,-3,9,-48,4,-16,-0.1999999999999993,10,58,-143,1,-1.0,3,18,1.5999999999999943,-12.999999999999998,0.20000000000000018,-1.7000000000000028,0.14000000000000012,-10.666666666666668,-152.33333333333331,-233.33333333333334,80.99999999999999,-1.3333333333333333,-16.666666666666664,-248.00000000000003,-191.66666666666669,-56.333333333333336,1.0,13
0,7,1,17,-108,27,-0.2999999999999998,-19,7,-18,5,-62,8,-13,-0.09999999999999964,-2,31,-46,1,-0.40000000000000036,-5,15,4.699999999999996,-10.7,-0.20000000000000018,-2.5,0.29000000000000004,4.0,22.333333333333343,12.666666666666671,9.666666666666671,-1.3333333333333335,-16.333333333333336,-255.0,-199.33333333333334,-55.66666666666667,-0.6666666666666667,9
0,8,1,23,-105,75,-0.5999999999999996,-16,22,-9,13,-115,3,-11,-0.39999999999999947,10,60,10,0,-0.6000000000000005,-6,26,1.7999999999999972,-9.0,0.09999999999999964,-2.5,0.06000000000000005,7.333333333333332,115.66666666666666,60.0,55.66666666666667,0.6666666666666667,-7.333333333333334,-141.00000000000003,-182.33333333333334,41.333333333333336,-1.3333333333333335,38
0,9,1,27,-195,-42,0.0,-9,-20,2,36,470,14,-5,0.5,9,-66,-665,-12,-0.8000000000000007,-35,17,1.7999999999999972,-4.699999999999999,-0.10000000000000053,-0.10000000000000142,0.1299999999999999,3.666666666666668,26.0,-30.666666666666657,56.66666666666667,1.3333333333333333,-16.0,-225.33333333333334,-224.0,-1.3333333333333428,0.3333333333333335,3
0,10,1,26,-107,68,-0.5,-19,14,-11,-4,-110,9,-10,-0.09999999999999964,-6,78,3,4,-0.8000000000000007,13,9,4.599999999999994,-10.299999999999999,0.20000000000000018,-1.6000000000000014,0.3700000000000001,-2.333333333333332,-26.333333333333314,-49.0,22.666666666666657,-0.33333333333333337,-10.666666666666666,-175.66666666666669,-182.33333333333331,6.666666666666671,0.0,-3
0,11,1,27,-195,-42,0.0,-9,-20,2,36,470,14,-5,0.5,9,-66,-665,-12,-0.8000000000000007,-35,17,1.7999999999999972,-4.699999999999999,-0.10000000000000053,-0.10000000000000142,0.1299999999999999,5.666666666666668,30.0,-20.666666666666657,50.66666666666667,0.6666666666666666,-8.333333333333332,-151.66666666666663,-176.33333333333334,24.66666666666667,1.0000000000000002,10
0,12,1,20,-124,6,-0.1999999999999993,-8,6,8,15,-20,5,-5,-0.1999999999999993,-4,-2,-104,-2,-0.20000000000000018,4,20,1.8999999999999986,-4.299999999999999,0.0,-0.5,0.10000000000000009,10.666666666666668,194.33333333333334,189.66666666666669,4.666666666666671,1.6666666666666667,3.0,38.666666666666686,-13.333333333333343,52.0,1.3333333333333335,29
0,13,1,31,859,49,0.6000000000000005,-10,51,7,-35,372,14,-10,1.0,21,90,487,2,0.39999999999999947,22,4,10.699999999999996,-5.6,0.20000000000000018,4.5,0.6599999999999999,-4.333333333333332,-89.0,58.99999999999997,-148.0,1.3333333333333335,2.666666666666668,13.333333333333343,-19.333333333333343,32.66666666666667,0.0,-3
0,14,1,24,-39,45,-0.2999999999999998,-17,4,-40,-31,-570,5,-10,-0.5,-29,88,531,1,0.49999999999999956,32,32,3.799999999999997,-10.7,-0.2999999999999998,-3.6000000000000014,0.1499999999999999,-0.33333333333333215,29.0,29.666666666666657,-0.6666666666666572,0.6666666666666667,-4.333333333333336,-95.33333333333331,-156.66666666666663,61.33333333333334,-1.3333333333333333,2
0,15,1,22,-606,-8,-0.5999999999999996,-12,-38,-54,-43,-421,2,-13,-0.2999999999999998,-31,35,-185,-3,-0.8000000000000007,-11,9,-1.7000000000000028,-6.6,-0.40000000000000036,-5.5,-0.14000000000000012,-5.0,13.333333333333314,-34.333333333333314,47.66666666666667,-1.0,2.3333333333333357,-41.33333333333337,-69.0,27.66666666666667,-1.0,-7
0,16,1,25,-191,63,-0.5999999999999996,-23,15,-3,9,-48,4,-16,-0.1999999999999993,10,58,-143,1,-1.0,3,18,1.5999999999999943,-12.999999999999998,0.20000000000000018,-1.7000000000000028,0.14000000000000012,-5.333333333333332,-44.333333333333314,-91.00000000000003,46.66666666666667,0.33333333333333326,5.0,19.0,39.0,-19.999999999999986,0.33333333333333337,3
0,17,1,26,-107,68,-0.5,-19,14,-11,-4,-110,9,-10,-0.09999999999999964,-6,78,3,4,-0.8000000000000007,13,9,4.599999999999994,-10.299999999999999,0.20000000000000018,-1.6000000000000014,0.3700000000000001,4.666666666666664,67.66666666666669,51.0,16.666666666666657,0.6666666666666667,-1.0,-43.666666666666686,50.66666666666666,-94.33333333333333,-0.6666666666666667,5
0,20,1,3,591,30,0.40000000000000036,-13,34,29,39,592,20,-10,0.7000000000000002,35,4,-1,0,0.0,-3,11,6.099999999999994,-6.6,0.09999999999999964,3.1999999999999993,0.6200000000000001,5.333333333333334,97.66666666666666,92.33333333333333,5.333333333333329,-0.6666666666666666,1.666666666666666,7.666666666666657,56.0,-48.33333333333333,-1.0,17
0,21,1,20,-124,6,-0.1999999999999993,-8,6,8,15,-20,5,-5,-0.1999999999999993,-4,-2,-104,-2,-0.20000000000000018,4,20,1.8999999999999986,-4.299999999999999,0.0,-0.5,0.10000000000000009,-2.666666666666666,-23.333333333333343,-51.666666666666686,28.333333333333343,0.3333333333333333,-2.0,-61.66666666666666,-16.66666666666667,-45.00000000000001,0.3333333333333333,17
0,22,1,30,-942,-86,-0.5,-20,-82,-62,-90,-642,5,-13,0.0,-52,19,-300,-6,-0.9000000000000004,-25,10,-1.0,-11.0,-0.7999999999999998,-6.700000000000003,-0.10000000000000009,-5.333333333333334,-58.66666666666666,-139.0,80.33333333333333,0.3333333333333333,-5.0,-77.33333333333331,-45.33333333333334,-31.999999999999996,1.3333333333333335,-11
0,1,2,17,205,6,0.09999999999999964,-9,-22,55,89,514,-5,-5,-0.09999999999999964,18,-81,-309,2,0.20000000000000018,-38,13,3.5,-5.5,-0.09999999999999964,0.10000000000000142,0.020000000000000018,0.0,0.0,0.0,0.0,0.0,0.0,0.0,0.0,0.0,0.0,5
0,2,2,22,-293,-29,-0.20000000000000018,-2,-67,19,41,155,-11,-5,-0.2999999999999998,-11,-77,-448,-2,-0.20000000000000018,-44,7,-2.8999999999999986,-1.4000000000000004,-0.2999999999999998,-2.8999999999999986,-0.41000000000000014,-5.0,91.0,41.0,50.0,-3.0,-3.0,129.0,273.0,-144.0,0.0,-4
0,3,2,19,499,60,0.09999999999999964,3,-7,94,130,709,-7,3,-0.2999999999999998,24,-71,-210,3,0.2999999999999998,-17,21,4.100000000000001,2.0999999999999996,0.20000000000000018,1.8000000000000007,0.010000000000000009,-1.0,-47.0,-28.0,-19.0,-0.5,-4.0,-23.0,59.0,-82.0,0.0,-3
0,4,2,20,189,-15,0.20000000000000018,2,-23,81,99,556,-8,3,-0.1999999999999993,16,-114,-367,-1,0.40000000000000036,-29,18,0.7000000000000028,0.9000000000000004,0.10000000000000053,2.1000000000000014,-0.16999999999999993,4.333333333333336,78.33333333333331,67.99999999999997,10.333333333333343,1.0,-0.33333333333333215,22.33333333333337,96.33333333333334,-74.0,-1.6666666666666665,7
0,5,2,5,-227,-59,0.09999999999999964,-3,-35,50,44,243,-7,-3,-0.09999999999999964,14,-108,-470,-2,0.10000000000000053,-33,20,-0.5,-0.8000000000000007,0.40000000000000036,3.0,-0.10000000000000009,15.0,209.33333333333337,135.0,74.33333333333333,1.0,9.666666666666666,129.66666666666669,102.33333333333331,27.33333333333333,0.6666666666666667,25
0,6,2,3,904,9,0.7999999999999998,-3,5,102,123,1168,7,-2,0.7000000000000002,55,-108,-264,1,0.6000000000000005,-36,9,4.899999999999999,-1.4000000000000004,0.20000000000000018,5.800000000000001,0.3500000000000001,1.0,-41.0,-16.0,-25.0,0.0,1.3333333333333357,41.333333333333314,39.33333333333334,2.0,1.0,-18
0,7,2,18,591,21,0.39999999999999947,-3,-1,50,84,553,0,1,-0.09999999999999964,22,-68,38,2,0.9000000000000004,-18,26,2.1000000000000014,-2.9000000000000004,-0.09999999999999964,1.8000000000000007,0.07000000000000006,-4.333333333333332,-72.66666666666663,-96.66666666666669,24.0,-0.6666666666666667,1.3333333333333321,27.66666666666663,36.666666666666686,-9.0,1.666666666666667,-27
0,9,2,4,1064,-2,1.0,-19,30,40,11,793,0,-17,1.1000000000000005,29,-7,271,9,0.9000000000000004,4,1,10.0,-10.4,0.3000000000000007,7.200000000000003,0.52,4.666666666666668,137.99999999999997,50.666666666666686,87.33333333333334,1.3333333333333333,10.000000000000002,148.99999999999997,75.0,74.0,1.0,8
0,11,2,8,113,0,0.09999999999999964,-11,-14,47,21,365,-7,-8,0.20000000000000018,7,-35,-252,7,-0.20000000000000018,-22,24,6.0,-5.9,0.40000000000000036,2.400000000000002,0.22999999999999998,2.0,28.0,-42.33333333333333,70.33333333333333,-0.3333333333333333,-5.0,-88.33333333333334,-18.666666666666657,-69.66666666666666,-1.0,-7
0,12,2,26,206,47,-0.10000000000000053,-9,-15,62,80,466,-4,-2,-0.09999999999999964,14,-34,-260,5,-0.20000000000000018,-20,7,3.3999999999999986,-5.1,0.3000000000000007,1.0,0.10000000000000009,-1.0000000000000018,-66.66666666666666,-45.0,-21.666666666666657,-1.3333333333333335,-7.000000000000002,-86.0,-69.33333333333333,-16.666666666666664,-1.0,-8
0,13,2,7,-398,-22,-0.2999999999999998,-11,-42,82,118,376,-9,-11,-0.8999999999999995,20,-153,-774,-3,-0.09999999999999964,-45,8,-1.2999999999999972,-5.1,0.10000000000000053,-1.1000000000000014,-0.29000000000000004,-3.333333333333334,-72.33333333333334,-73.0,0.6666666666666714,0.33333333333333326,-12.666666666666668,-181.66666666666666,-123.0,-58.66666666666667,-0.6666666666666666,-6
0,14,2,6,-83,-32,0.09999999999999964,-4,-38,55,66,264,-2,-6,-0.5,10,-112,-347,-4,0.40000000000000036,-32,5,-2.299999999999997,-2.5,0.0,0.3999999999999986,-0.20000000000000018,10.999999999999998,135.66666666666666,110.66666666666667,25.0,1.0000000000000002,6.666666666666668,132.66666666666669,78.66666666666666,54.0,0.33333333333333337,6
0,15,2,17,205,6,0.09999999999999964,-9,-22,55,89,514,-5,-5,-0.09999999999999964,18,-81,-309,2,0.20000000000000018,-38,13,3.5,-5.5,-0.09999999999999964,0.10000000000000142,0.020000000000000018,7.333333333333332,98.0,144.33333333333331,-46.33333333333333,1.3333333333333335,-3.333333333333332,9.666666666666629,46.0,-36.33333333333333,-1.3333333333333335,10
0,16,2,18,591,21,0.39999999999999947,-3,-1,50,84,553,0,1,-0.09999999999999964,22,-68,38,2,0.9000000000000004,-18,26,2.1000000000000014,-2.9000000000000004,-0.09999999999999964,1.8000000000000007,0.07000000000000006,-0.6666666666666643,-30.0,-3.0,-27.000000000000014,0.33333333333333337,-4.333333333333332,-3.6666666666666288,17.99999999999997,-21.66666666666667,-0.33333333333333337,8
0,17,2,6,-83,-32,0.09999999999999964,-4,-38,55,66,264,-2,-6,-0.5,10,-112,-347,-4,0.40000000000000036,-32,5,-2.299999999999997,-2.5,0.0,0.3999999999999986,-0.20000000000000018,4.666666666666668,15.0,23.0,-8.0,-0.33333333333333337,-9.333333333333334,-81.66666666666669,-51.0,-30.66666666666667,0.0,17
0,19,2,26,206,47,-0.10000000000000053,-9,-15,62,80,466,-4,-2,-0.09999999999999964,14,-34,-260,5,-0.20000000000000018,-20,7,3.3999999999999986,-5.1,0.3000000000000007,1.0,0.10000000000000009,2.666666666666666,86.33333333333334,78.66666666666667,7.666666666666671,-0.3333333333333333,-1.333333333333334,-34.0,34.33333333333334,-68.33333333333334,1.0,-8
0,1,3,22,-1197,-38,-1.0,1,-72,-83,-82,-1013,-18,-3,-1.0,-66,31,-184,-3,-0.8000000000000007,-8,-2,-7.799999999999997,0.0,-0.5,-8.7,-0.7600000000000002,0.0,0.0,0.0,0.0,0.0,0.0,0.0,0.0,0.0,0.0,16
0,2,3,20,-715,-24,-0.5999999999999996,5,-28,-21,-24,-612,-15,5,-0.8999999999999995,-39,-6,-103,-2,-0.20000000000000018,7,9,-4.199999999999996,2.3000000000000007,-0.09999999999999964,-3.6999999999999993,-0.52,5.0,56.0,-69.0,125.0,0.0,11.0,91.0,64.0,27.0,2.0,-5
0,3,3,16,-1147,20,-1.2999999999999998,3,-14,16,23,-713,-21,-2,-2.0999999999999996,-18,-40,-434,-3,-0.6000000000000005,-1,-11,-10.599999999999994,0.6999999999999993,-0.09999999999999964,-7.800000000000001,-0.8900000000000001,-2.5,13.0,-58.5,71.5,1.0,2.5,-65.5,-111.0,45.5,2.0,20
0,4,3,4,160,-11,0.20000000000000018,-16,25,-62,-112,-375,-7,-15,0.40000000000000036,-26,101,535,8,0.2999999999999998,40,-8,5.100000000000001,-9.0,0.10000000000000053,1.4000000000000021,0.16999999999999993,0.3333333333333357,83.33333333333331,-14.0,97.33333333333333,0.6666666666666666,-0.3333333333333357,13.666666666666629,-19.333333333333343,33.0,0.0,-10
0,5,3,6,-987,-41,-0.7000000000000002,-1,-43,-47,-57,-904,-9,-4,-1.2000000000000002,-45,-4,-83,-5,-0.20000000000000018,4,-4,-7.199999999999996,-1.0999999999999996,-0.20000000000000018,-5.400000000000002,-0.5500000000000003,-3.0,-38.333333333333314,-66.33333333333331,27.999999999999986,-0.6666666666666665,-0.6666666666666679,-52.333333333333314,-37.0,-15.333333333333343,-0.6666666666666667,18
0,7,3,19,-405,51,-0.7000000000000002,6,-12,-8,7,-459,-14,5,-1.0,-31,37,54,2,-0.3000000000000007,19,12,-0.7999999999999972,3.5,0.0,-4.0,-0.3400000000000001,7.0,137.66666666666666,94.0,43.66666666666666,1.0,1.0,-1.6666666666666856,14.666666666666657,-16.333333333333343,-0.6666666666666667,12
0,8,3,17,-699,-3,-0.7000000000000002,-6,-27,-47,-34,-654,-12,-3,-0.7999999999999998,-37,27,-45,1,-0.40000000000000036,-2,4,-1.3999999999999986,-4.1,-0.2999999999999998,-5.699999999999999,-0.33000000000000007,15.333333333333334,250.99999999999997,216.0,35.0,0.0,0.6666666666666679,16.0,48.666666666666686,-32.66666666666667,0.3333333333333335,10
0,9,3,30,-1533,-116,-0.9000000000000004,-7,-116,-91,-129,-1234,-15,-3,-0.7000000000000002,-87,15,-299,-6,-0.9000000000000004,-22,-1,-7.099999999999994,-4.4,-0.8999999999999995,-9.900000000000002,-0.7200000000000002,8.333333333333336,156.0,80.0,75.99999999999999,0.0,-4.0,-0.6666666666666288,34.99999999999997,-35.66666666666667,0.6666666666666667,-3
0,10,3,18,-313,12,-0.40000000000000036,0,-6,-52,-39,-615,-7,3,-0.7999999999999998,-33,40,302,1,0.2999999999999998,18,17,-2.799999999999997,-1.5,-0.2999999999999998,-4.0,-0.28,8.000000000000002,138.33333333333331,117.66666666666666,20.66666666666667,-0.6666666666666667,7.0,157.33333333333334,124.66666666666666,32.66666666666666,-1.0000000000000002,4
0,11,3,15,-887,-29,-0.7000000000000002,-8,-15,-38,-46,-789,-11,-5,-0.8999999999999995,-37,11,-98,2,-0.40000000000000036,22,-17,-0.3999999999999986,-3.5999999999999996,0.0,-4.099999999999998,-0.19000000000000017,10.666666666666666,175.00000000000003,118.33333333333333,56.66666666666666,0.0,4.999999999999998,122.33333333333331,100.66666666666669,21.66666666666667,1.0,4
0,13,3,26,-698,38,-0.9000000000000004,-6,-20,-40,-43,-702,-11,0,-0.7999999999999998,-41,74,4,4,-0.8000000000000007,16,-2,-1.5,-3.6999999999999993,0.10000000000000053,-4.800000000000001,-0.25,4.333333333333334,0.3333333333333428,44.0,-43.666666666666664,-1.3333333333333335,0.0,63.66666666666666,70.0,-6.333333333333329,-2.0,-7
0,14,3,19,-405,51,-0.7000000000000002,6,-12,-8,7,-459,-14,5,-1.0,-31,37,54,2,-0.3000000000000007,19,12,-0.7999999999999972,3.5,0.0,-4.0,-0.3400000000000001,-7.666666666666668,-121.66666666666669,-26.333333333333343,-95.33333333333331,0.0,-5.666666666666666,-106.66666666666669,-137.66666666666666,31.0,-0.33333333333333326,13
0,15,3,14,-384,12,-0.40000000000000036,0,-8,-36,-45,-506,-8,-1,-0.5,-18,45,122,2,-0.20000000000000018,6,3,0.0,-1.3000000000000007,-0.2999999999999998,-4.199999999999999,-0.19000000000000017,-1.666666666666666,-58.666666666666686,-21.333333333333343,-37.33333333333333,0.33333333333333337,4.666666666666666,68.33333333333334,29.66666666666667,38.666666666666664,1.0,29
0,16,3,20,-715,-24,-0.5999999999999996,5,-28,-21,-24,-612,-15,5,-0.8999999999999995,-39,-6,-103,-2,-0.20000000000000018,7,9,-4.199999999999996,2.3000000000000007,-0.09999999999999964,-3.6999999999999993,-0.52,2.666666666666668,32.33333333333337,38.33333333333334,-6.0,1.0,0.3333333333333357,2.6666666666666856,-10.0,12.666666666666671,1.333333333333333,-13
0,17,3,4,160,-11,0.20000000000000018,-16,25,-62,-112,-375,-7,-15,0.40000000000000036,-26,101,535,8,0.2999999999999998,40,-8,5.100000000000001,-9.0,0.10000000000000053,1.4000000000000021,0.16999999999999993,-5.000000000000002,-64.66666666666669,-53.333333333333314,-11.333333333333329,-1.0,-0.6666666666666679,-30.333333333333314,-39.66666666666666,9.333333333333329,4.0,-2
0,19,3,24,-630,15,-0.7000000000000002,-4,-30,-69,-70,-1162,-15,0,-1.2000000000000002,-64,84,532,1,0.49999999999999956,35,21,-2.299999999999997,-4.1,-0.39999999999999947,-6.800000000000001,-0.4700000000000002,-9.0,-105.66666666666666,-110.33333333333333,4.666666666666671,1.3333333333333333,4.333333333333334,-2.0,-52.66666666666666,50.666666666666664,0.0,6
0,1,4,20,-875,-13,-0.7999999999999998,21,-53,41,88,-237,-8,20,-1.2999999999999998,-13,-107,-638,-10,-0.5,-33,17,-9.299999999999997,11.3,-0.20000000000000018,-5.100000000000001,-0.69,0.0,0.0,0.0,0.0,0.0,0.0,0.0,0.0,0.0,0.0,-7
0,2,4,15,-1047,-18,-0.9000000000000004,8,-40,24,66,-414,-4,10,-1.2999999999999998,-11,-90,-633,-6,-0.7000000000000002,-18,-9,-5.5,5.4,-0.10000000000000053,-5.5,-0.3600000000000001,-2.0,-90.0,-41.0,-49.0,1.0,-6.0,-144.0,-93.0,-51.0,0.0,2
0,3,4,17,-859,8,-0.9000000000000004,10,-52,15,78,-279,-5,12,-1.2000000000000002,-11,-74,-580,-7,-0.7000000000000002,-42,12,-6.5,4.9,-0.40000000000000036,-7.100000000000001,-0.5,0.0,-63.0,-125.0,62.0,0.5,-3.5,-162.5,-63.0,-99.5,0.0,16
0,5,4,16,-1307,31,-1.5,19,-39,78,135,-338,-14,13,-2.5,8,-141,-969,-11,-0.9000000000000004,-41,-3,-15.699999999999996,9.7,-0.20000000000000018,-9.200000000000003,-1.06,-0.33333333333333215,-48.666666666666686,-18.666666666666657,-30.0,-1.0,-0.6666666666666679,-82.66666666666663,-41.33333333333334,-41.33333333333334,1.6666666666666665,-3
0,7,4,24,-790,26,-0.9000000000000004,12,-55,-7,42,-787,-8,15,-1.6000000000000005,-38,-17,-3,-7,0.19999999999999973,-5,29,-7.399999999999999,4.9,-0.5,-8.200000000000003,-0.6400000000000001,-9.666666666666666,-181.33333333333334,-108.33333333333331,-73.0,0.0,-1.666666666666666,-38.33333333333334,-36.66666666666666,-1.6666666666666572,0.0,-11
0,8,4,14,-544,23,-0.6000000000000005,16,-33,26,67,-131,-1,14,-0.9000000000000004,8,-56,-413,-6,-0.5,-34,11,-5.100000000000001,7.699999999999999,-0.40000000000000036,-5.600000000000001,-0.3600000000000001,-11.666666666666666,-157.00000000000003,-141.33333333333331,-15.666666666666668,-1.0000000000000002,-2.0,-62.333333333333314,-31.666666666666657,-30.66666666666667,-0.6666666666666666,-1
0,10,4,19,-565,62,-0.9000000000000004,22,-37,54,119,-84,-7,20,-1.4000000000000004,-5,-64,-481,-6,-0.6000000000000005,-21,20,-5.899999999999999,12.5,-0.10000000000000053,-5.400000000000002,-0.51,-5.666666666666668,-159.0,-162.66666666666666,3.666666666666657,0.0,-6.666666666666668,-98.66666666666663,-70.66666666666666,-28.0,0.0,7
0,11,4,25,-942,44,-1.2000000000000002,6,-44,30,82,-265,-9,9,-1.2999999999999998,1,-47,-677,-7,-1.2999999999999998,-34,15,-9.600000000000001,2.6000000000000014,0.0,-6.300000000000004,-0.6499999999999999,4.666666666666666,0.6666666666666288,-39.0,39.66666666666667,-0.33333333333333326,6.333333333333332,95.66666666666666,51.0,44.666666666666664,0.0,-10
0,12,4,6,-1147,-30,-0.9000000000000004,15,-68,15,55,-529,-2,11,-1.6000000000000005,-19,-105,-618,-13,-0.5,-36,4,-12.299999999999997,7.9,-0.3000000000000007,-6.800000000000004,-0.7200000000000002,1.6666666666666679,35.0,3.666666666666657,31.33333333333333,-1.0,6.0,96.66666666666669,61.333333333333314,35.33333333333333,0.33333333333333337,5
0,13,4,19,-565,62,-0.9000000000000004,22,-37,54,119,-84,-7,20,-1.4000000000000004,-5,-64,-481,-6,-0.6000000000000005,-21,20,-5.899999999999999,12.5,-0.10000000000000053,-5.400000000000002,-0.51,-3.6666666666666643,-68.33333333333331,-10.333333333333343,-58.000000000000014,-0.6666666666666667,-1.3333333333333321,-27.33333333333337,-52.33333333333334,25.0,0.33333333333333326,4
0,14,4,18,-473,23,-0.6000000000000005,16,-31,10,73,-240,0,18,-1.2000000000000002,-7,-61,-233,-7,0.0,-22,25,-7.899999999999999,7.5,-0.40000000000000036,-5.400000000000002,-0.44999999999999996,-5.0,-78.33333333333337,-58.333333333333314,-20.0,0.0,-3.9999999999999982,-20.0,-12.666666666666686,-7.333333333333329,1.3333333333333333,7
0,15,4,20,-875,-13,-0.7999999999999998,21,-53,41,88,-237,-8,20,-1.2999999999999998,-13,-107,-638,-10,-0.5,-33,17,-9.299999999999997,11.3,-0.20000000000000018,-5.100000000000001,-0.69,3.333333333333332,91.66666666666669,113.66666666666666,-22.0,1.0,0.33333333333333215,26.333333333333314,37.0,-10.666666666666657,-0.6666666666666666,-8
0,16,4,30,-1693,-105,-1.1000000000000005,9,-141,-29,-17,-859,-8,12,-1.1000000000000005,-61,-86,-834,-14,-1.2000000000000002,-62,7,-12.199999999999996,4.6,-1.0,-11.300000000000004,-0.8900000000000001,-1.0,64.0,40.00000000000003,24.0,1.0,0.6666666666666679,67.66666666666669,61.33333333333334,6.333333333333343,-1.3333333333333335,-23
0,2,5,10,-202,-61,0.10000000000000053,-11,-34,-26,-44,-60,8,-4,0.2999999999999998,-15,-19,-142,-4,-0.10000000000000053,-26,-24,3.8000000000000043,-5.5,-0.2999999999999998,-0.8999999999999986,0.20000000000000018,-2.0,-123.0,-89.0,-34.0,-2.0,2.0,31.0,26.0,5.0,4.0,-20
0,3,5,8,340,59,0.0,-8,21,-3,-23,122,0,-5,0.2999999999999998,-7,73,218,9,-0.3000000000000007,11,4,6.5,-5.1,0.0,-0.5999999999999979,0.33000000000000007,-10.5,-179.5,-148.5,-31.0,0.5,6.5,126.5,64.5,62.0,0.0,-16
0,6,5,18,818,80,0.2999999999999998,0,34,0,40,310,7,4,0.0,8,40,508,4,0.7999999999999998,15,6,2.6000000000000014,-2.0999999999999996,-0.5,-1.1999999999999993,0.17000000000000015,-20.0,-354.3333333333333,-254.66666666666666,-99.66666666666666,-1.0000000000000002,-7.000000000000002,-79.33333333333334,-27.0,-52.333333333333336,0.33333333333333337,2
0,7,5,8,340,59,0.0,-8,21,-3,-23,122,0,-5,0.2999999999999998,-7,73,218,9,-0.3000000000000007,11,4,6.5,-5.1,0.0,-0.5999999999999979,0.33000000000000007,-10.666666666666666,-194.33333333333331,-129.33333333333331,-65.0,0.0,-0.33333333333333215,-48.99999999999997,-9.333333333333314,-39.66666666666667,-3.0,-33
0,8,5,28,1103,91,0.6000000000000005,3,55,55,83,952,12,2,0.7000000000000002,39,6,151,0,0.2999999999999998,15,3,6.0,1.5999999999999996,-0.09999999999999964,2.6000000000000014,0.3600000000000001,-6.666666666666666,-176.33333333333334,-97.66666666666666,-78.66666666666666,2.0,1.3333333333333357,-25.0,20.0,-44.999999999999986,-0.6666666666666666,-14
0,9,5,7,-171,37,-0.39999999999999947,-8,-7,32,74,133,-2,-8,-0.7999999999999998,6,-45,-304,-1,-0.20000000000000018,-12,-12,-0.7999999999999972,-4.299999999999999,-0.2999999999999998,-4.100000000000001,-0.18999999999999995,-4.666666666666666,-44.33333333333334,-21.0,-23.33333333333333,0.666666666666667,6.0,33.66666666666663,69.00000000000003,-35.33333333333333,0.3333333333333333,-8
0,10,5,6,144,27,0.0,-1,-3,5,22,21,5,-3,-0.40000000000000036,-4,-4,123,-2,0.2999999999999998,1,-15,-1.7999999999999972,-1.6999999999999993,-0.40000000000000036,-2.6000000000000014,-0.10000000000000009,-7.000000000000002,-71.99999999999997,-46.333333333333314,-25.66666666666667,1.0,2.0,-7.0,43.66666666666666,-50.66666666666667,-0.6666666666666666,7
0,11,5,17,432,65,0.0,-6,13,5,45,271,2,-2,0.0,4,27,161,4,0.09999999999999964,-5,-7,4.0,-4.699999999999999,-0.5,-2.8999999999999986,0.1200000000000001,8.000000000000002,123.0,125.33333333333333,-2.333333333333343,0.6666666666666666,5.999999999999998,94.66666666666669,127.66666666666666,-32.99999999999999,0.6666666666666667,17
0,12,5,16,-16,88,-0.5999999999999996,3,26,68,102,212,-7,-1,-1.2999999999999998,23,-40,-228,0,-0.10000000000000053,-4,-22,-5.199999999999996,0.09999999999999964,-0.2999999999999998,-5.0,-0.43999999999999995,-1.6666666666666679,-33.0,-3.666666666666657,-29.333333333333343,0.33333333333333337,-6.0,-70.66666666666669,23.333333333333314,-94.0,-1.3333333333333335,31
0,13,5,11,-532,-23,-0.39999999999999947,2,-29,-22,-2,-349,-3,1,-0.5999999999999996,-20,-26,-183,-1,-0.10000000000000053,-21,-18,-7.199999999999996,-0.29999999999999893,-0.7999999999999998,-7.299999999999997,-0.41999999999999993,4.666666666666668,99.33333333333331,145.0,-45.66666666666666,-1.3333333333333335,-6.000000000000002,-129.66666666666669,-42.0,-87.66666666666666,0.3333333333333335,-16
0,14,5,7,-171,37,-0.39999999999999947,-8,-7,32,74,133,-2,-8,-0.7999999999999998,6,-45,-304,-1,-0.20000000000000018,-12,-12,-0.7999999999999972,-4.299999999999999,-0.2999999999999998,-4.100000000000001,-0.18999999999999995,-2.6666666666666643,25.333333333333314,-5.333333333333314,30.666666666666664,-0.33333333333333326,-11.333333333333334,-189.00000000000003,-108.66666666666666,-80.33333333333331,0.33333333333333337,1
0,15,5,31,1399,87,0.9000000000000004,3,57,30,5,705,8,1,1.0999999999999996,27,86,694,5,0.8999999999999995,22,-18,10.0,0.40000000000000036,-0.09999999999999964,4.100000000000001,0.49,-4.0,8.666666666666686,114.99999999999997,-106.33333333333333,0.0,1.6666666666666679,28.666666666666657,50.666666666666686,-22.0,-0.33333333333333326,-21
0,16,5,9,851,74,0.40000000000000036,5,26,5,16,368,2,5,0.5,1,71,483,3,0.39999999999999947,20,-41,5.399999999999999,1.700000000000001,0.0,1.7000000000000028,0.20000000000000018,-1.0,42.66666666666663,55.33333333333334,-12.666666666666671,-1.6666666666666665,3.333333333333332,97.66666666666663,72.0,25.66666666666667,-2.0,6
0,1,6,18,674,53,0.2999999999999998,1,37,-5,18,289,2,7,0.40000000000000036,12,44,385,6,0.5,14,21,4.399999999999999,-0.40000000000000036,-0.09999999999999964,1.4000000000000021,0.27000000000000024,0.0,0.0,0.0,0.0,0.0,0.0,0.0,0.0,0.0,0.0,-18
0,3,6,21,-192,36,-0.39999999999999947,4,-10,-25,26,-107,-10,7,-0.39999999999999947,-4,18,-85,-1,-0.40000000000000036,-19,-17,0.19999999999999574,3.4000000000000004,0.3000000000000007,-1.0,-0.19999999999999973,4.5,128.0,98.5,29.5,0.0,5.0,137.0,85.5,51.5,-1.5,1
0,4,6,17,288,38,0.0,-5,16,0,23,250,-3,1,0.40000000000000036,8,31,38,6,-0.20000000000000018,-6,8,5.799999999999997,-3.0,-0.09999999999999964,-0.29999999999999716,0.2200000000000002,1.3333333333333321,71.66666666666669,2.3333333333333712,69.33333333333333,0.33333333333333326,1.0,57.66666666666663,71.66666666666663,-14.0,-0.3333333333333333,21
0,6,6,8,196,32,0.0,-7,24,-8,-45,101,-5,-2,0.7000000000000002,-3,77,95,11,-0.6000000000000005,10,19,8.299999999999997,-3.4000000000000004,0.40000000000000036,2.0000000000000036,0.43000000000000016,1.3333333333333357,-21.0,-30.333333333333314,9.333333333333329,1.0000000000000002,4.666666666666666,153.99999999999997,122.66666666666666,31.33333333333333,-0.3333333333333335,-21
0,7,6,27,201,-31,0.2999999999999998,5,-11,20,54,782,3,9,1.0,19,-66,-581,-7,-0.6000000000000005,-36,10,2.8999999999999986,3.0,0.0,2.1000000000000014,0.06000000000000005,-6.0,-154.66666666666669,-87.00000000000003,-67.66666666666667,2.6666666666666665,-5.333333333333332,-20.33333333333337,-38.33333333333334,18.0,2.3333333333333335,-6
0,8,6,19,582,92,0.0,7,31,39,64,445,-5,9,0.20000000000000018,14,41,137,7,-0.10000000000000053,15,16,6.399999999999999,4.6,0.20000000000000018,1.4000000000000021,0.2100000000000002,3.333333333333332,-15.0,-43.666666666666686,28.666666666666664,2.333333333333333,4.333333333333332,70.33333333333331,22.0,48.33333333333334,0.0,-5
0,9,6,18,674,53,0.2999999999999998,1,37,-5,18,289,2,7,0.40000000000000036,12,44,385,6,0.5,14,21,4.399999999999999,-0.40000000000000036,-0.09999999999999964,1.4000000000000021,0.27000000000000024,2.0,15.0,41.33333333333334,-26.33333333333333,2.333333333333333,8.666666666666668,127.33333333333334,74.66666666666669,52.66666666666667,-0.3333333333333335,-19
0,13,6,20,272,17,0.10000000000000053,6,15,26,33,292,-6,9,0.3000000000000007,6,-2,-20,3,0.0,3,13,3.0,3.4000000000000004,0.10000000000000053,1.7000000000000028,0.03000000000000025,-4.333333333333334,-20.666666666666686,28.666666666666657,-49.33333333333333,0.6666666666666667,-1.333333333333334,-37.0,-6.666666666666686,-30.33333333333333,0.0,-18
0,15,6,7,-315,10,-0.39999999999999947,-7,-4,27,52,112,-7,-5,-0.39999999999999947,10,-41,-427,1,-0.5,-13,3,1.0,-2.5999999999999996,0.10000000000000053,-1.5,-0.08999999999999986,-8.333333333333332,-74.0,-75.66666666666666,1.6666666666666572,0.0,-3.0,-50.666666666666686,-21.0,-29.66666666666667,0.0,16
0,16,6,17,288,38,0.0,-5,16,0,23,250,-3,1,0.40000000000000036,8,31,38,6,-0.20000000000000018,-6,8,5.799999999999997,-3.0,-0.09999999999999964,-0.29999999999999716,0.2200000000000002,-0.6666666666666679,8.666666666666686,63.33333333333334,-54.66666666666666,1.3333333333333335,0.3333333333333357,30.0,55.66666666666666,-25.66666666666667,-0.6666666666666666,6
0,1,7,31,1570,50,1.2999999999999998,11,64,-2,-69,572,10,9,1.8999999999999995,21,131,998,6,1.0999999999999996,34,-6,10.799999999999997,4.699999999999999,0.20000000000000018,8.200000000000003,0.6799999999999999,0.0,0.0,0.0,0.0,0.0,0.0,0.0,0.0,0.0,0.0,-49
0,2,7,8,511,22,0.39999999999999947,0,28,-35,-97,-11,2,3,1.0999999999999996,-13,118,522,10,-0.10000000000000053,23,16,7.299999999999997,-0.8000000000000007,0.2999999999999998,3.5000000000000036,0.52,-12.0,-265.0,-187.0,-78.0,3.0,16.0,335.0,102.0,233.0,-1.0,-43
0,3,7,18,989,43,0.6999999999999993,8,41,-32,-34,177,9,12,0.7999999999999998,2,85,812,5,1.0,27,18,3.3999999999999986,2.1999999999999993,-0.20000000000000018,2.900000000000002,0.3600000000000001,-12.5,-292.0,-172.5,-119.5,3.0,7.0,148.5,53.0,95.5,-0.5,-25
0,4,7,14,918,43,0.6999999999999993,8,39,-16,-40,286,8,8,1.0999999999999996,17,90,632,6,0.5,15,4,6.199999999999996,2.3999999999999986,-0.20000000000000018,2.700000000000003,0.44999999999999996,-9.333333333333334,-185.99999999999997,-119.33333333333334,-66.66666666666667,0.9999999999999998,8.333333333333336,135.66666666666663,39.66666666666666,96.0,-0.33333333333333337,-20
0,6,7,17,603,28,0.39999999999999947,2,20,-27,-29,138,4,6,0.7999999999999998,-2,72,465,5,0.2999999999999998,7,5,4.799999999999997,-0.40000000000000036,-0.20000000000000018,1.2000000000000028,0.31000000000000005,-4.666666666666666,-79.66666666666666,-38.0,-41.66666666666667,-3.0,-5.333333333333336,-87.66666666666663,-64.33333333333334,-23.33333333333333,-1.6666666666666667,-1
0,8,7,9,1022,37,0.7999999999999998,13,33,-27,-58,235,4,13,1.2999999999999998,-5,116,787,4,0.5999999999999996,32,-29,6.199999999999996,6.0,0.2999999999999998,5.800000000000004,0.3900000000000001,3.0,42.33333333333334,45.0,-2.6666666666666714,0.33333333333333326,-5.0,-3.0,-33.66666666666666,30.666666666666664,-2.0,-13
0,10,7,12,822,27,0.5999999999999996,2,35,-49,-34,127,10,6,0.7000000000000002,-8,68,695,5,0.8999999999999999,29,-24,4.399999999999999,-0.3000000000000007,-0.20000000000000018,2.6000000000000014,0.43999999999999995,-0.6666666666666643,-34.0,2.333333333333343,-36.33333333333333,0.33333333333333326,-1.3333333333333357,25.666666666666686,7.333333333333314,18.33333333333333,-0.6666666666666666,4
0,12,7,10,-31,-98,0.5,-3,-27,-58,-118,-193,10,4,1.0999999999999996,-21,26,162,-3,0.09999999999999964,-14,-12,4.600000000000001,-1.200000000000001,0.0,3.200000000000003,0.3900000000000001,-2.666666666666668,-54.66666666666663,11.333333333333343,-66.0,1.0,2.333333333333332,54.333333333333314,24.0,30.33333333333333,-0.3333333333333335,-17
0,16,7,11,-361,-60,0.0,10,-22,-54,-76,-482,-1,9,0.20000000000000018,-26,19,121,0,0.09999999999999964,-9,-6,-6.399999999999999,4.0,-0.5,-3.1999999999999957,-0.22999999999999998,2.0,37.333333333333314,65.66666666666666,-28.33333333333333,-1.0,6.0,92.33333333333337,106.00000000000003,-13.666666666666671,1.0,3
0,17,7,8,511,22,0.39999999999999947,0,28,-35,-97,-11,2,3,1.0999999999999996,-13,118,522,10,-0.10000000000000053,23,16,7.299999999999997,-0.8000000000000007,0.2999999999999998,3.5000000000000036,0.52,4.666666666666664,88.33333333333331,112.33333333333334,-24.000000000000014,0.33333333333333337,6.0,95.66666666666663,102.99999999999997,-7.333333333333329,-0.6666666666666667,3
0,1,8,9,511,15,0.40000000000000036,13,5,8,39,246,2,10,0.20000000000000018,8,-2,265,-6,0.7000000000000002,9,-45,-1.1000000000000014,6.800000000000001,0.0,2.3000000000000007,-0.1299999999999999,0.0,0.0,0.0,0.0,0.0,0.0,0.0,0.0,0.0,0.0,30
0,5,8,17,92,6,0.0,2,-8,8,68,149,2,3,-0.2999999999999998,11,-46,-57,-5,0.40000000000000036,-16,-11,-2.5,0.40000000000000036,-0.5,-2.3000000000000007,-0.20999999999999996,2.3333333333333357,65.66666666666669,34.0,31.66666666666667,-1.6666666666666667,-9.999999999999998,-165.66666666666666,-81.0,-84.66666666666666,1.0,26
0,8,8,10,-542,-120,0.10000000000000053,-3,-55,-23,-21,-182,8,1,0.0,-8,-92,-360,-13,0.20000000000000018,-37,-28,-2.6999999999999957,-0.40000000000000036,-0.2999999999999998,-0.3000000000000007,-0.1299999999999999,14.0,201.99999999999997,182.33333333333331,19.66666666666667,-1.3333333333333333,-6.0,-103.33333333333334,-47.66666666666666,-55.66666666666667,3.6666666666666665,14
0,9,8,31,1059,28,0.9000000000000004,11,36,33,28,583,8,6,0.7999999999999998,34,13,476,-4,1.2000000000000002,11,-22,3.5,5.5,-0.09999999999999964,4.699999999999999,0.15999999999999992,9.333333333333334,77.0,144.0,-67.0,0.6666666666666667,-0.33333333333333215,26.666666666666657,-24.333333333333314,50.99999999999999,3.333333333333333,-17
0,12,8,18,478,21,0.2999999999999998,8,13,3,63,188,7,9,-0.2999999999999998,15,-33,290,-5,1.1000000000000005,4,2,-3.8999999999999986,3.0,-0.5,-0.6000000000000014,-0.15999999999999992,-11.000000000000002,-246.99999999999997,-197.33333333333331,-49.666666666666664,-0.6666666666666666,-6.333333333333334,-106.66666666666669,-79.0,-27.66666666666667,0.0,4
0,13,8,29,256,-20,0.2999999999999998,-1,24,-15,11,-224,1,3,-0.2999999999999998,8,-18,480,-1,1.5000000000000004,17,-26,1.0,1.0999999999999996,-0.09999999999999964,1.3000000000000007,0.030000000000000027,1.333333333333334,-16.0,-0.6666666666666572,-15.333333333333336,-1.0,-2.333333333333332,-70.33333333333331,9.999999999999986,-80.33333333333331,0.6666666666666666,-6
0,14,8,30,-742,-107,-0.20000000000000018,1,-97,-36,-27,-431,-1,3,-0.20000000000000018,-39,-58,-311,-12,-0.09999999999999964,-36,-16,-8.199999999999996,0.09999999999999964,-1.0999999999999996,-6.5000000000000036,-0.6000000000000001,8.333333333333334,153.00000000000003,121.66666666666667,31.333333333333343,0.0,3.666666666666668,27.333333333333314,18.333333333333343,9.0,-1.666666666666667,-7
0,15,8,11,-872,-82,-0.39999999999999947,10,-50,-19,21,-471,-3,6,-0.8999999999999995,-13,-99,-401,-10,0.20000000000000018,-32,-22,-13.699999999999996,4.800000000000001,-0.7999999999999998,-6.699999999999999,-0.75,2.333333333333332,12.0,1.6666666666666572,10.333333333333329,-0.33333333333333337,1.3333333333333321,0.3333333333333144,44.0,-43.66666666666666,0.0,21
0,19,8,13,412,1,0.40000000000000036,11,24,33,72,472,8,7,0.10000000000000053,26,-62,-60,-2,0.6000000000000005,-5,-29,-0.5,5.1,-0.5,-0.1999999999999993,0.030000000000000027,-0.3333333333333339,-32.66666666666666,6.0,-38.66666666666667,0.6666666666666667,-1.0,-7.0,11.666666666666686,-18.666666666666664,-0.3333333333333333,-7
0,2,9,26,-418,32,-0.6000000000000005,-11,-6,7,20,-145,1,-4,-0.5,-1,3,-273,4,-0.7000000000000002,-7,28,-1.5,-6.0,-0.09999999999999964,-3.700000000000003,0.0,3.0,76.0,116.0,-40.0,0.0,2.0,36.0,-29.0,65.0,-3.0,-2
0,4,9,11,-1383,-97,-0.7999999999999998,-3,-55,-27,-18,-717,-5,-4,-1.0999999999999996,-21,-97,-666,-4,-0.5,-41,23,-12.599999999999994,-2.0,-0.7999999999999998,-9.0,-0.6200000000000001,-3.333333333333334,-81.0,-103.33333333333334,22.333333333333336,-1.3333333333333333,3.666666666666668,35.666666666666686,65.00000000000003,-29.333333333333314,1.0000000000000002,24
0,5,9,31,548,13,0.5,-2,31,25,-11,337,6,-4,0.5999999999999996,26,15,211,2,0.5,2,23,4.600000000000001,-1.3000000000000007,-0.09999999999999964,2.3999999999999986,0.2899999999999998,-10.333333333333332,-153.66666666666669,-43.0,-110.66666666666667,0.33333333333333326,1.0,-115.33333333333337,-128.33333333333334,12.999999999999986,2.6666666666666665,-3
0,6,9,14,-104,6,-0.10000000000000053,-5,6,11,18,51,4,-5,-0.20000000000000018,22,-26,-155,2,-0.09999999999999964,-17,33,0.0,-3.6000000000000014,-0.5,-3.1000000000000014,0.05999999999999983,-5.333333333333336,-56.0,-67.66666666666669,11.666666666666664,0.3333333333333335,5.333333333333332,-23.666666666666686,-49.33333333333334,25.666666666666657,2.0,7
0,9,9,12,-200,-10,-0.20000000000000018,-11,2,-22,24,-108,6,-7,-0.5999999999999996,-3,-48,-92,1,0.30000000000000027,-3,5,-1.7999999999999972,-6.300000000000001,-0.5,-3.200000000000003,0.04999999999999982,-1.0,-17.0,-47.999999999999986,31.0,0.0,-1.0,-30.666666666666686,9.666666666666657,-40.33333333333333,1.666666666666667,2
0,10,9,25,-502,27,-0.7000000000000002,-15,-5,15,33,-83,-4,-10,-0.5999999999999996,15,-17,-419,1,-0.8999999999999995,-17,37,-4.5,-8.7,-0.09999999999999964,-3.8000000000000043,-0.22999999999999998,-1.333333333333334,-61.33333333333334,-81.33333333333334,20.000000000000007,1.0,0.0,-22.333333333333343,-41.33333333333333,18.999999999999993,1.3333333333333335,5
0,11,9,10,-1053,-135,-0.2999999999999998,-16,-60,-31,-60,-428,6,-9,-0.20000000000000018,-16,-90,-625,-7,-0.5,-46,17,-1.5999999999999943,-7.200000000000001,-0.2999999999999998,-2.6000000000000014,0.0,-2.333333333333332,-29.666666666666686,5.666666666666657,-35.33333333333333,0.6666666666666667,0.6666666666666679,-33.333333333333314,-32.333333333333314,-1.0,3.333333333333333,-14
0,12,9,11,-1383,-97,-0.7999999999999998,-3,-55,-27,-18,-717,-5,-4,-1.0999999999999996,-21,-97,-666,-4,-0.5,-41,23,-12.599999999999994,-2.0,-0.7999999999999998,-9.0,-0.6200000000000001,4.333333333333334,76.33333333333334,123.00000000000001,-46.666666666666664,0.9999999999999998,4.999999999999998,54.0,26.666666666666657,27.33333333333333,1.3333333333333335,6
0,13,9,10,-1053,-135,-0.2999999999999998,-16,-60,-31,-60,-428,6,-9,-0.20000000000000018,-16,-90,-625,-7,-0.5,-46,17,-1.5999999999999943,-7.200000000000001,-0.2999999999999998,-2.6000000000000014,0.0,-7.333333333333336,-93.66666666666669,-47.33333333333334,-46.33333333333333,2.0,-5.333333333333334,-7.0,-21.666666666666657,14.666666666666671,0.0,7
0,14,9,27,-506,-78,-0.10000000000000053,-1,-40,20,60,435,6,1,0.09999999999999964,14,-141,-941,-12,-0.7000000000000002,-55,36,-4.299999999999997,-0.40000000000000036,-0.40000000000000036,-2.200000000000003,-0.2400000000000002,5.999999999999998,144.33333333333334,100.33333333333334,44.0,1.0,-2.0000000000000018,-58.333333333333314,-101.66666666666666,43.333333333333336,0.6666666666666666,6
0,17,9,31,548,13,0.5,-2,31,25,-11,337,6,-4,0.5999999999999996,26,15,211,2,0.5,2,23,4.600000000000001,-1.3000000000000007,-0.09999999999999964,2.3999999999999986,0.2899999999999998,-7.0,-134.66666666666666,-30.333333333333343,-104.33333333333333,2.3333333333333335,0.6666666666666661,-1.3333333333333428,-8.666666666666686,7.333333333333329,0.6666666666666667,-18
0,1,10,13,954,121,0.2999999999999998,14,79,56,93,654,0,6,0.10000000000000053,34,30,300,11,0.40000000000000036,32,-1,2.1999999999999957,5.5,-0.20000000000000018,0.10000000000000142,0.15999999999999992,0.0,0.0,0.0,0.0,0.0,0.0,0.0,0.0,0.0,0.0,-30
0,3,10,25,551,162,-0.40000000000000036,1,55,46,93,345,-10,-1,-0.39999999999999947,31,73,206,8,-0.39999999999999947,29,20,-2.9000000000000057,-1.4999999999999982,0.20000000000000018,-1.2000000000000028,-0.22999999999999998,-3.5,-4.0,50.5,-54.5,1.0,-1.0,7.0,-9.0,16.0,-1.5,-7
0,4,10,31,1601,148,0.7999999999999998,14,91,56,49,765,0,5,0.7999999999999998,42,105,836,9,1.0,48,6,6.199999999999996,5.9,0.20000000000000018,5.0,0.2899999999999998,-11.0,-181.33333333333337,-53.66666666666666,-127.66666666666666,1.6666666666666667,0.0,-35.666666666666686,-77.33333333333331,41.666666666666664,0.33333333333333326,15
0,6,10,26,635,167,-0.3000000000000007,5,54,38,80,283,-5,5,-0.2999999999999998,15,93,352,11,-0.20000000000000018,39,11,0.09999999999999432,1.200000000000001,0.20000000000000018,-1.1000000000000014,0.0,-7.666666666666668,-101.0,-101.00000000000003,0.0,1.3333333333333335,2.333333333333332,40.666666666666686,-43.66666666666666,84.33333333333334,0.6666666666666667,-4
0,9,10,15,446,100,-0.10000000000000053,3,59,40,77,196,-5,0,-0.39999999999999947,19,30,250,9,0.20000000000000018,45,-4,1.1999999999999957,1.3000000000000007,0.09999999999999964,-0.3999999999999986,0.05999999999999983,-3.666666666666666,-12.666666666666686,-22.333333333333314,9.666666666666657,1.666666666666667,1.0,-7.0,-8.0,1.0,-1.0,-5
0,14,10,11,-330,38,-0.5,13,5,4,42,-289,-11,5,-0.8999999999999995,-5,-7,-41,3,0.0,5,6,-11.0,5.200000000000001,-0.5,-6.399999999999999,-0.6200000000000001,7.0,90.66666666666666,72.66666666666669,18.0,-0.33333333333333326,2.333333333333332,-50.666666666666686,-30.666666666666686,-20.0,1.3333333333333335,8
0,15,10,27,547,57,0.1999999999999993,15,20,51,120,863,0,10,0.2999999999999998,30,-51,-316,-5,-0.20000000000000018,-9,19,-2.700000000000003,6.800000000000001,-0.10000000000000053,0.3999999999999986,-0.2400000000000002,12.0,215.00000000000003,130.33333333333331,84.66666666666666,0.3333333333333335,6.666666666666666,78.0,37.0,40.999999999999986,0.6666666666666666,-14
0,16,10,31,1601,148,0.7999999999999998,14,91,56,49,765,0,5,0.7999999999999998,42,105,836,9,1.0,48,6,6.199999999999996,5.9,0.20000000000000018,5.0,0.2899999999999998,-0.3333333333333357,11.666666666666686,48.33333333333334,-36.666666666666686,1.3333333333333335,9.000000000000002,123.0,73.66666666666666,49.33333333333334,-0.33333333333333326,-16
0,17,10,11,-330,38,-0.5,13,5,4,42,-289,-11,5,-0.8999999999999995,-5,-7,-41,3,0.0,5,6,-11.0,5.200000000000001,-0.5,-6.399999999999999,-0.6200000000000001,-4.0,-76.33333333333337,-60.666666666666686,-15.666666666666671,-0.6666666666666667,6.333333333333332,83.66666666666669,6.666666666666657,77.0,0.0,-10
0,1,11,26,965,129,0.1999999999999993,-8,49,34,38,572,6,0,0.5999999999999996,20,100,393,8,-0.20000000000000018,34,5,11.099999999999994,-4.0,0.7000000000000002,5.299999999999997,0.6200000000000001,0.0,0.0,0.0,0.0,0.0,0.0,0.0,0.0,0.0,0.0,-1
0,5,11,27,877,19,0.6999999999999993,2,15,47,78,1152,11,5,1.1999999999999993,35,-44,-275,-8,-0.20000000000000018,-14,13,8.299999999999997,1.5999999999999996,0.39999999999999947,6.799999999999997,0.3799999999999999,-3.0000000000000018,-40.333333333333314,-9.666666666666657,-30.666666666666664,1.3333333333333335,1.3333333333333321,40.0,30.0,10.0,1.0,-3
0,6,11,31,1931,110,1.2999999999999998,1,86,52,7,1054,11,0,1.6999999999999993,47,112,877,6,1.0,43,0,17.199999999999996,0.6999999999999993,0.7000000000000002,11.399999999999999,0.9099999999999999,-7.0,-91.0,-2.0,-89.00000000000001,0.0,1.3333333333333357,-15.333333333333314,-47.66666666666666,32.33333333333334,0.0,-6
0,7,11,28,1635,114,1.0,1,84,77,85,1301,15,1,1.2999999999999998,59,32,334,1,0.40000000000000036,36,21,13.199999999999996,1.8999999999999986,0.7000000000000002,9.899999999999999,0.78,-3.0,-131.0,-38.0,-93.00000000000001,-0.33333333333333326,4.333333333333332,65.0,17.0,48.0,0.3333333333333333,-10
0,8,11,25,881,124,0.09999999999999964,-12,50,42,51,634,1,-6,0.5,36,80,247,5,-0.39999999999999947,24,14,8.099999999999994,-6.699999999999999,0.7000000000000002,5.199999999999996,0.3900000000000001,1.0,-34.66666666666663,1.0,-35.66666666666667,0.6666666666666667,4.333333333333336,162.33333333333331,13.333333333333343,149.0,-1.6666666666666667,-14
0,10,11,31,1931,110,1.2999999999999998,1,86,52,7,1054,11,0,1.6999999999999993,47,112,877,6,1.0,43,0,17.199999999999996,0.6999999999999993,0.7000000000000002,11.399999999999999,0.9099999999999999,1.666666666666666,-6.666666666666686,84.0,-90.66666666666669,0.6666666666666666,-0.3333333333333339,80.33333333333334,35.666666666666686,44.66666666666667,-1.3333333333333333,-36
0,11,11,16,516,111,-0.20000000000000018,1,55,90,104,561,-4,-2,-0.7000000000000002,43,-14,-45,1,0.0,17,-4,2.0,0.3999999999999986,0.5,2.299999999999997,-0.020000000000000018,-4.333333333333332,-132.66666666666669,-105.66666666666666,-27.0,1.0,-14.0,-109.0,-65.0,-44.0,-1.3333333333333335,-7
0,1,12,14,96,16,0.09999999999999964,6,4,33,-6,159,-2,2,0.39999999999999947,25,22,-63,1,-0.3999999999999999,-14,28,1.7999999999999972,2.6999999999999993,0.0,0.10000000000000142,0.010000000000000009,0.0,0.0,0.0,0.0,0.0,0.0,0.0,0.0,0.0,0.0,-6
0,2,12,13,101,-4,0.20000000000000018,9,17,47,9,334,0,4,0.5,21,-12,-233,3,-0.3999999999999999,-11,11,2.3999999999999986,4.6,0.0,0.7000000000000028,0.1100000000000001,1.0,37.0,-43.0,80.0,0.0,6.0,89.0,66.0,23.0,-1.0,2
0,3,12,22,-717,-34,-0.5,7,-60,-14,-43,-348,-12,0,-0.10000000000000053,-23,8,-369,-4,-1.0000000000000004,-28,23,-6.0,4.0,-0.20000000000000018,-4.399999999999999,-0.56,-1.5,-24.0,-144.0,120.0,-2.0,3.5,61.5,47.5,14.0,-0.5,3
0,4,12,16,-667,24,-0.7999999999999998,9,-2,85,62,-48,-15,1,-1.2000000000000002,25,-63,-619,-4,-0.8000000000000003,-21,14,-8.799999999999997,4.699999999999999,0.20000000000000018,-3.5,-0.69,5.666666666666668,25.666666666666686,-19.0,44.66666666666666,-0.33333333333333337,1.0,-40.33333333333337,-41.99999999999997,1.6666666666666714,0.6666666666666667,-7
0,5,12,30,-1053,-112,-0.40000000000000036,-1,-104,-22,-90,-569,-9,0,0.1999999999999993,-44,-8,-484,-7,-1.1,-42,24,-5.299999999999997,-0.40000000000000036,-0.5999999999999996,-5.600000000000001,-0.52,-2.666666666666668,-131.66666666666663,-142.66666666666666,11.0,0.0,-4.333333333333336,-63.0,-25.333333333333343,-37.66666666666666,-0.6666666666666666,6
0,7,12,29,-55,-25,0.09999999999999964,-3,17,-1,-52,-362,-7,0,0.09999999999999964,3,32,307,4,0.5,11,14,3.8999999999999986,0.5999999999999996,0.40000000000000036,2.200000000000003,0.1100000000000001,-12.333333333333334,-217.00000000000003,-139.33333333333334,-77.66666666666666,-1.0,-7.333333333333332,-92.66666666666666,-99.33333333333331,6.666666666666671,-1.3333333333333335,7
0,8,12,15,-407,-25,-0.20000000000000018,-2,-3,31,-7,-124,-5,-2,0.0,6,-12,-283,1,-0.6000000000000001,2,8,1.3999999999999986,0.40000000000000036,0.2999999999999998,0.20000000000000284,0.010000000000000009,2.333333333333334,-37.0,4.0,-41.0,-0.6666666666666666,-2.0,-2.0,4.0,-6.0,-1.0,2
0,11,12,28,452,27,0.40000000000000036,9,27,72,43,692,4,4,0.7999999999999998,41,-17,-240,-4,-0.3999999999999999,-2,39,2.3999999999999986,6.199999999999999,0.40000000000000036,4.100000000000001,0.1100000000000001,6.0,66.99999999999997,3.6666666666666856,63.333333333333336,0.6666666666666667,5.0,52.66666666666666,49.000000000000014,3.6666666666666714,0.0,20
0,12,12,29,-55,-25,0.09999999999999964,-3,17,-1,-52,-362,-7,0,0.09999999999999964,3,32,307,4,0.5,11,14,3.8999999999999986,0.5999999999999996,0.40000000000000036,2.200000000000003,0.1100000000000001,8.999999999999998,125.0,67.00000000000001,57.999999999999986,1.6666666666666665,-0.3333333333333339,-12.333333333333314,34.66666666666666,-47.0,0.3333333333333335,-3
0,13,12,13,101,-4,0.20000000000000018,9,17,47,9,334,0,4,0.5,21,-12,-233,3,-0.3999999999999999,-11,11,2.3999999999999986,4.6,0.0,0.7000000000000028,0.1100000000000001,6.999999999999998,47.66666666666663,13.0,34.66666666666666,0.6666666666666667,-2.333333333333334,11.333333333333314,16.666666666666657,-5.333333333333329,0.6666666666666666,-14
0,14,12,21,-699,-1,-0.5999999999999996,9,-41,-3,8,-346,-13,6,-0.7000000000000002,-6,-9,-353,-7,-0.8000000000000003,-35,4,-5.200000000000003,6.300000000000001,0.40000000000000036,-2.1000000000000014,-0.5499999999999998,1.3333333333333321,-6.333333333333314,-99.0,92.66666666666666,-0.6666666666666667,-3.666666666666666,29.666666666666686,7.333333333333343,22.33333333333333,-0.6666666666666667,-3
0,15,12,24,-150,19,-0.20000000000000018,2,-18,0,-31,-497,-9,3,-0.3000000000000007,-21,61,347,0,0.2999999999999998,15,46,-0.5,-0.09999999999999964,-0.09999999999999964,-2.5,-0.27,-2.666666666666668,-55.333333333333314,-53.33333333333334,-2.0,0.6666666666666666,-6.0,5.0,19.666666666666686,-14.666666666666671,0.6666666666666667,-27
0,16,12,23,-216,49,-0.5,3,0,31,13,-42,-11,2,-0.20000000000000018,18,33,-174,-1,-0.8000000000000003,-23,40,-2.5,1.5999999999999996,0.2999999999999998,-1.3999999999999986,-0.3599999999999999,-7.666666666666668,-44.0,-5.333333333333343,-38.66666666666666,-1.6666666666666667,2.666666666666668,2.3333333333333144,74.0,-71.66666666666667,1.6666666666666667,32
0,17,12,28,452,27,0.40000000000000036,9,27,72,43,692,4,4,0.7999999999999998,41,-17,-240,-4,-0.3999999999999999,-2,39,2.3999999999999986,6.199999999999999,0.40000000000000036,4.100000000000001,0.1100000000000001,2.666666666666668,12.0,-4.666666666666657,16.66666666666667,0.0,-2.333333333333332,-51.666666666666686,8.0,-59.66666666666666,1.666666666666667,-18
0,3,13,28,351,31,0.20000000000000018,0,10,25,34,358,4,0,0.2999999999999998,20,-5,-7,-7,0.0,9,28,0.0,1.5999999999999996,0.40000000000000036,3.3999999999999986,0.0,2.5,-63.5,-95.0,31.5,-1.5,-0.5,-60.0,-75.0,15.0,2.5,-13
0,4,13,22,-818,-30,-0.7000000000000002,-2,-77,-61,-52,-682,-12,-4,-0.6000000000000005,-44,20,-136,-7,-0.6000000000000005,-17,12,-8.399999999999999,-0.5999999999999996,-0.20000000000000018,-5.100000000000001,-0.6700000000000002,-3.666666666666668,-62.33333333333337,-100.66666666666666,38.33333333333334,-2.0,-4.333333333333336,-2.6666666666666288,-21.666666666666686,19.0,0.6666666666666667,14
0,6,13,15,-508,-21,-0.40000000000000036,-11,-20,-16,-16,-458,-5,-6,-0.5,-15,0,-50,-2,-0.20000000000000018,13,-3,-1.0,-4.199999999999999,0.2999999999999998,-0.5,-0.10000000000000009,1.0,-24.666666666666686,1.0,-25.66666666666667,-1.6666666666666667,-2.0,4.666666666666629,46.66666666666666,-42.0,-0.33333333333333337,-16
0,7,13,14,-5,20,-0.10000000000000053,-3,-13,-14,-15,-175,-2,-2,-0.10000000000000053,4,34,170,-2,0.0,-3,17,-0.6000000000000014,-1.9000000000000004,0.0,-0.6000000000000014,-0.10000000000000009,-6.0,-54.333333333333314,-98.66666666666666,44.333333333333336,-1.0,2.333333333333334,55.333333333333314,94.33333333333334,-39.0,-0.33333333333333326,3
0,8,13,21,-800,3,-0.7999999999999998,0,-58,-50,-1,-680,-13,2,-1.2000000000000002,-27,3,-120,-10,-0.40000000000000036,-24,-7,-7.600000000000001,1.700000000000001,0.40000000000000036,-2.8000000000000043,-0.6599999999999999,2.0,66.66666666666666,32.66666666666666,33.99999999999999,-1.0000000000000002,3.666666666666668,74.33333333333334,47.666666666666686,26.66666666666667,0.33333333333333337,4
0,9,13,23,-317,53,-0.7000000000000002,-6,-17,-16,4,-376,-11,-2,-0.7000000000000002,-3,45,59,-4,-0.40000000000000036,-12,29,-4.899999999999999,-3.0,0.2999999999999998,-2.1000000000000014,-0.47,7.000000000000002,118.33333333333331,112.0,6.333333333333329,0.3333333333333335,3.666666666666666,76.33333333333331,85.00000000000003,-8.666666666666657,-0.6666666666666665,-10
0,10,13,30,-1154,-108,-0.6000000000000005,-10,-121,-69,-99,-903,-9,-4,-0.3000000000000007,-65,4,-251,-10,-0.7000000000000002,-31,13,-7.699999999999996,-5.0,-0.5999999999999996,-6.300000000000004,-0.6300000000000001,3.3333333333333357,31.666666666666686,39.99999999999997,-8.333333333333329,1.0,5.333333333333332,79.0,73.66666666666666,5.333333333333329,1.6666666666666667,3
0,12,13,28,351,31,0.20000000000000018,0,10,25,34,358,4,0,0.2999999999999998,20,-5,-7,-7,0.0,9,28,0.0,1.5999999999999996,0.40000000000000036,3.3999999999999986,0.0,2.333333333333334,45.99999999999997,-35.0,81.0,-0.3333333333333335,2.0000000000000018,33.666666666666686,109.33333333333333,-75.66666666666667,-0.33333333333333337,22
0,14,13,16,-768,28,-1.0,0,-19,38,53,-382,-15,-3,-1.7000000000000002,4,-51,-386,-7,-0.40000000000000036,-10,3,-11.199999999999996,0.09999999999999964,0.20000000000000018,-4.200000000000003,-0.8,-4.333333333333332,-54.33333333333334,-77.66666666666666,23.33333333333333,-1.0000000000000002,-4.666666666666668,-48.66666666666666,4.0,-52.66666666666667,0.33333333333333326,21
0,15,13,29,-156,-21,-0.10000000000000053,-12,0,-48,-61,-696,-7,-4,-0.40000000000000036,-18,44,540,1,0.8999999999999999,22,3,1.5,-4.0,0.40000000000000036,1.5,0.0,1.3333333333333357,76.33333333333331,-6.666666666666686,83.0,0.3333333333333335,-1.0,-6.666666666666629,31.333333333333343,-37.999999999999986,1.0,-3
0,16,13,24,-251,23,-0.40000000000000036,-7,-35,-47,-40,-831,-9,-1,-0.8000000000000007,-42,73,580,-3,0.6999999999999997,26,35,-2.8999999999999986,-4.699999999999999,-0.09999999999999964,-3.200000000000003,-0.3800000000000001,-1.3333333333333321,36.0,-14.0,50.000000000000014,1.0,-0.3333333333333357,17.0,9.666666666666686,7.333333333333329,0.6666666666666667,-10
0,17,13,29,-156,-21,-0.10000000000000053,-12,0,-48,-61,-696,-7,-4,-0.40000000000000036,-18,44,540,1,0.8999999999999999,22,3,1.5,-4.0,0.40000000000000036,1.5,0.0,1.0,121.33333333333331,77.66666666666669,43.66666666666666,-1.3333333333333335,1.0,-50.66666666666663,-44.00000000000003,-6.666666666666671,-1.3333333333333335,21
0,20,13,31,647,27,0.5,0,12,0,-44,111,0,-1,0.6999999999999993,8,75,536,-2,0.5999999999999996,16,7,4.0,0.40000000000000036,0.40000000000000036,4.899999999999999,0.1299999999999999,-2.0000000000000018,-15.333333333333343,-8.666666666666657,-6.666666666666686,-0.6666666666666667,3.666666666666666,66.33333333333331,46.66666666666666,19.666666666666664,0.0,16
0,21,13,30,-1154,-108,-0.6000000000000005,-10,-121,-69,-99,-903,-9,-4,-0.3000000000000007,-65,4,-251,-10,-0.7000000000000002,-31,13,-7.699999999999996,-5.0,-0.5999999999999996,-6.300000000000004,-0.6300000000000001,-7.333333333333334,-88.66666666666666,-151.33333333333331,62.66666666666667,0.0,1.3333333333333321,33.33333333333334,-1.3333333333333428,34.666666666666664,1.3333333333333335,-11
0,2,14,19,-21,39,-0.2999999999999998,6,-4,28,52,47,-6,6,-0.5,-13,-8,-68,0,-0.10000000000000053,13,9,-0.7999999999999972,4.800000000000001,0.2999999999999998,0.1999999999999993,-0.1499999999999999,2.0,-42.0,-51.0,9.0,0.0,1.0,-11.0,-102.0,91.0,-1.0,-3
0,3,14,29,-151,-41,0.0,-9,13,-34,-46,-521,-5,-2,-0.2999999999999998,-22,10,370,3,0.8999999999999999,25,-14,2.1000000000000014,-2.0999999999999996,0.40000000000000036,2.1000000000000014,0.10000000000000009,3.5,91.0,113.0,-22.0,1.5,0.0,-38.0,-61.0,23.0,0.0,-7
0,5,14,15,-503,-41,-0.2999999999999998,-8,-7,-2,-1,-283,-3,-4,-0.39999999999999947,-19,-34,-220,0,-0.20000000000000018,16,-20,-0.3999999999999986,-2.299999999999999,0.2999999999999998,0.10000000000000142,0.0,0.33333333333333215,42.333333333333314,48.33333333333334,-6.0,-0.6666666666666667,-2.3333333333333357,-30.666666666666686,67.33333333333331,-98.00000000000001,1.3333333333333333,-7
0,9,14,20,-331,-36,-0.1999999999999993,5,-20,15,21,-106,-7,6,-0.39999999999999947,-21,-51,-225,-4,0.0,1,6,-4.199999999999996,3.6000000000000014,0.20000000000000018,0.5,-0.32999999999999985,-2.3333333333333357,-119.33333333333331,-39.0,-80.33333333333334,0.6666666666666667,3.666666666666668,-24.333333333333314,-52.33333333333334,28.0,0.33333333333333326,15
0,10,14,16,-763,8,-0.8999999999999995,3,-6,52,68,-207,-13,-1,-1.5999999999999996,0,-85,-556,-5,-0.40000000000000036,-7,-14,-10.599999999999994,2.0,0.20000000000000018,-3.6000000000000014,-0.7,-0.6666666666666643,-91.33333333333331,-29.666666666666686,-61.66666666666666,0.0,-5.333333333333336,-122.33333333333331,-130.33333333333334,8.0,0.33333333333333337,-2
0,11,14,30,-1149,-128,-0.5,-7,-108,-55,-84,-728,-7,-2,-0.20000000000000018,-69,-30,-421,-8,-0.7000000000000002,-28,-4,-7.099999999999994,-3.0999999999999996,-0.5999999999999996,-5.700000000000003,-0.53,-1.6666666666666679,-85.33333333333337,-88.33333333333334,3.0,0.33333333333333326,0.0,-67.66666666666669,-16.333333333333314,-51.33333333333334,0.3333333333333333,-7
0,13,14,15,-503,-41,-0.2999999999999998,-8,-7,-2,-1,-283,-3,-4,-0.39999999999999947,-19,-34,-220,0,-0.20000000000000018,16,-20,-0.3999999999999986,-2.299999999999999,0.2999999999999998,0.10000000000000142,0.0,6.666666666666666,75.0,65.00000000000001,10.0,1.666666666666667,-1.666666666666666,-52.33333333333334,-27.999999999999986,-24.333333333333343,-0.6666666666666667,-3
0,14,14,28,356,11,0.3000000000000007,3,23,39,49,533,6,2,0.40000000000000036,16,-39,-177,-5,0.0,12,11,0.6000000000000014,3.5,0.40000000000000036,4.0,0.10000000000000009,-3.9999999999999982,-40.66666666666663,-45.0,4.333333333333329,0.0,-10.666666666666666,-215.66666666666669,-101.33333333333333,-114.33333333333333,-1.0,35
0,16,14,16,-763,8,-0.8999999999999995,3,-6,52,68,-207,-13,-1,-1.5999999999999996,0,-85,-556,-5,-0.40000000000000036,-7,-14,-10.599999999999994,2.0,0.20000000000000018,-3.6000000000000014,-0.7,-2.3333333333333357,59.33333333333337,51.00000000000003,8.333333333333329,1.6666666666666667,-6.333333333333334,-86.33333333333337,-78.0,-8.333333333333329,0.3333333333333333,-7
0,17,14,30,-1149,-128,-0.5,-7,-108,-55,-84,-728,-7,-2,-0.20000000000000018,-69,-30,-421,-8,-0.7000000000000002,-28,-4,-7.099999999999994,-3.0999999999999996,-0.5999999999999996,-5.700000000000003,-0.53,-2.333333333333332,13.0,12.0,1.0,1.3333333333333335,0.6666666666666643,66.33333333333334,40.66666666666666,25.66666666666667,-0.3333333333333333,-10
0,1,15,16,-260,49,-0.5999999999999996,11,1,54,69,76,-10,3,-1.2000000000000002,19,-51,-336,-5,-0.20000000000000018,-23,6,-10.199999999999996,4.299999999999999,-0.09999999999999964,-3.700000000000003,-0.7,0.0,0.0,0.0,0.0,0.0,0.0,0.0,0.0,0.0,0.0,-8
0,3,15,20,172,5,0.10000000000000053,13,-13,17,22,177,-4,10,0.0,-2,-17,-5,-4,0.20000000000000018,-15,26,-3.799999999999997,5.9,-0.09999999999999964,0.3999999999999986,-0.32999999999999985,6.0,84.0,87.0,-3.0,-0.5,3.0,-22.5,-26.0,3.5,-2.5,-11
0,4,15,28,859,52,0.6000000000000005,11,30,41,50,816,9,6,0.7999999999999998,35,-5,43,-5,0.20000000000000018,-4,31,1.0,5.799999999999999,0.10000000000000053,3.8999999999999986,0.10000000000000009,6.333333333333334,8.333333333333314,-12.333333333333343,20.666666666666657,0.33333333333333326,-3.0,-50.666666666666686,-50.0,-0.6666666666666714,-0.3333333333333333,-2
0,7,15,30,-646,-87,-0.20000000000000018,1,-101,-53,-83,-445,-4,2,0.1999999999999993,-50,4,-201,-8,-0.5,-44,16,-6.699999999999996,-0.8000000000000007,-0.8999999999999995,-5.800000000000004,-0.53,-7.333333333333332,-26.666666666666686,-76.66666666666666,50.0,-0.6666666666666667,-11.0,-115.0,-43.333333333333314,-71.66666666666667,0.0,-24
0,14,15,29,352,0,0.2999999999999998,-1,20,-32,-45,-238,-2,2,0.09999999999999964,-3,44,590,3,1.1,9,6,2.5,0.1999999999999993,0.10000000000000053,2.0,0.10000000000000009,-2.0,-52.66666666666666,-59.33333333333334,6.666666666666671,0.0,-5.0,-43.666666666666686,16.333333333333343,-60.0,1.3333333333333335,14
0,15,15,30,-646,-87,-0.20000000000000018,1,-101,-53,-83,-445,-4,2,0.1999999999999993,-50,4,-201,-8,-0.5,-44,16,-6.699999999999996,-0.8000000000000007,-0.8999999999999995,-5.800000000000004,-0.53,0.6666666666666661,46.0,16.666666666666686,29.33333333333333,0.33333333333333337,9.666666666666668,195.66666666666666,103.33333333333331,92.33333333333334,0.6666666666666667,-20
0,16,15,19,482,80,0.0,14,3,30,53,330,-3,10,-0.10000000000000053,6,26,152,0,0.09999999999999964,-3,29,-0.3999999999999986,7.1,0.0,0.09999999999999787,-0.1499999999999999,-1.0,-10.0,-12.0,2.0,-1.0,1.0,-25.33333333333337,-53.333333333333314,28.0,1.3333333333333335,10
0,17,15,16,-260,49,-0.5999999999999996,11,1,54,69,76,-10,3,-1.2000000000000002,19,-51,-336,-5,-0.20000000000000018,-23,6,-10.199999999999996,4.299999999999999,-0.09999999999999964,-3.700000000000003,-0.7,-2.0,-31.666666666666686,-21.0,-10.666666666666671,0.3333333333333333,0.6666666666666679,-24.666666666666686,-46.333333333333314,21.666666666666657,1.0,1
0,2,16,30,-386,-136,0.39999999999999947,-10,-102,-107,-152,-521,6,-1,1.3999999999999995,-69,55,135,-3,-0.2999999999999998,-21,10,3.5,-5.1,-0.7999999999999998,-2.1000000000000014,0.16999999999999993,-5.0,-134.0,-119.0,-15.0,0.0,0.0,-84.0,-98.0,14.0,-2.0,-18
0,7,16,20,432,-44,0.7000000000000002,2,-14,-37,-47,101,6,7,1.2000000000000002,-21,34,331,1,0.40000000000000036,8,20,6.399999999999999,1.6000000000000014,0.0,4.100000000000001,0.3700000000000001,-10.333333333333334,-166.0,-162.66666666666666,-3.3333333333333286,-0.6666666666666667,-10.666666666666666,-205.33333333333331,-128.33333333333331,-77.0,0.33333333333333326,-18
0,8,16,29,612,-49,0.8999999999999995,-12,19,-86,-114,-314,8,-1,1.2999999999999998,-22,95,926,8,1.3000000000000003,32,0,12.699999999999996,-4.1,0.20000000000000018,5.700000000000003,0.8,-13.666666666666666,-191.0,-146.33333333333331,-44.66666666666666,-0.6666666666666667,-9.333333333333334,-116.0,-92.66666666666669,-23.333333333333336,-0.6666666666666666,-3
0,9,16,19,742,31,0.5999999999999996,3,2,-24,-16,254,7,7,1.0999999999999996,-13,77,488,5,0.2999999999999998,20,23,9.799999999999997,2.8000000000000007,0.09999999999999964,3.8000000000000007,0.55,-6.666666666666668,-81.66666666666669,-99.00000000000003,17.333333333333343,-0.33333333333333337,-9.0,-150.66666666666663,-75.33333333333334,-75.33333333333331,-1.3333333333333333,7
0,13,16,30,-386,-136,0.39999999999999947,-10,-102,-107,-152,-521,6,-1,1.3999999999999995,-69,55,135,-3,-0.2999999999999998,-21,10,3.5,-5.1,-0.7999999999999998,-2.1000000000000014,0.16999999999999993,0.6666666666666661,10.666666666666686,0.0,10.666666666666657,0.6666666666666666,7.0,51.0,21.333333333333343,29.666666666666657,0.33333333333333326,-31
0,15,16,28,1119,3,1.2000000000000002,0,29,-13,-19,740,19,3,2.0,16,46,379,0,0.40000000000000036,19,25,11.199999999999996,1.5,0.20000000000000018,7.600000000000001,0.8,-0.33333333333333215,10.666666666666629,-0.3333333333333428,11.0,0.33333333333333326,0.6666666666666679,-33.0,14.666666666666686,-47.66666666666666,-0.33333333333333337,-4
0,2,17,18,386,15,0.2999999999999998,6,21,-5,-5,39,5,6,0.0,4,13,347,0,0.7000000000000002,20,13,-1.3999999999999986,2.5999999999999996,0.0,1.6999999999999993,0.050000000000000044,-8.0,-96.0,-35.0,-61.0,0.0,-3.0,-34.0,-6.0,-28.0,-2.0,-10
0,12,17,19,294,54,0.0,12,15,39,41,195,-2,8,-0.20000000000000018,6,10,99,1,0.09999999999999964,21,8,0.6000000000000014,7.6,0.2999999999999998,1.6999999999999993,-0.010000000000000009,-13.666666666666666,-224.66666666666669,-182.0,-42.666666666666664,-0.6666666666666667,-7.666666666666666,-172.33333333333334,-142.33333333333334,-30.0,0.3333333333333333,3
0,13,17,23,3,48,-0.2999999999999998,3,15,9,8,-53,-5,2,-0.2999999999999998,12,29,56,-1,-0.20000000000000018,-1,11,-2.8999999999999986,1.6999999999999993,0.2999999999999998,0.0,-0.22999999999999998,-14.333333333333334,-214.66666666666666,-155.33333333333331,-59.333333333333336,-1.3333333333333335,-7.333333333333334,-130.33333333333334,-115.33333333333331,-15.0,1.6666666666666667,8
0,14,17,20,-16,-21,0.10000000000000053,11,-1,26,10,42,-3,8,-0.09999999999999964,-2,-33,-58,-3,0.20000000000000018,9,5,-2.799999999999997,6.4,0.20000000000000018,2.0,-0.18999999999999995,2.666666666666668,98.99999999999997,35.0,64.00000000000001,0.6666666666666667,10.0,122.66666666666666,73.33333333333334,49.33333333333333,1.6666666666666665,-5
0,17,17,18,386,15,0.2999999999999998,6,21,-5,-5,39,5,6,0.0,4,13,347,0,0.7000000000000002,20,13,-1.3999999999999986,2.5999999999999996,0.0,1.6999999999999993,0.050000000000000044,-0.33333333333333215,-73.0,-40.66666666666666,-32.33333333333333,0.3333333333333333,1.0,68.66666666666669,-13.333333333333314,82.0,-0.33333333333333337,-31
0,4,18,24,-317,3,-0.2999999999999998,-4,-24,-17,-31,-547,-8,-3,-0.40000000000000036,-31,44,230,0,0.19999999999999973,17,4,0.5,-2.5999999999999996,-0.09999999999999964,-2.8000000000000007,-0.19000000000000017,7.0,141.66666666666663,60.333333333333314,81.33333333333333,-0.33333333333333337,-2.3333333333333357,-100.0,-55.666666666666686,-44.33333333333334,0.0,-2
0,5,18,20,-402,-36,-0.1999999999999993,5,-22,31,15,3,-8,2,-0.09999999999999964,-6,-46,-405,-3,-0.5,-11,-8,-1.3999999999999986,3.8000000000000007,0.20000000000000018,0.3000000000000007,-0.24,0.3333333333333357,23.0,-42.0,65.00000000000001,0.3333333333333335,-1.6666666666666679,-87.66666666666669,8.0,-95.66666666666667,-1.666666666666667,-10
0,11,18,19,-92,39,-0.2999999999999998,6,-6,44,46,156,-7,2,-0.20000000000000018,2,-3,-248,1,-0.6000000000000005,1,-5,2.0,5.0,0.2999999999999998,0.0,-0.06000000000000005,-5.333333333333332,-111.0,-102.66666666666666,-8.333333333333329,-0.6666666666666667,-5.000000000000002,-137.00000000000003,-110.66666666666667,-26.333333333333343,0.6666666666666667,8
0,15,18,25,-469,21,-0.5999999999999996,-10,-13,20,9,-25,-9,-9,-0.09999999999999964,8,14,-444,0,-1.2999999999999998,-12,-10,-1.7000000000000028,-4.899999999999999,0.40000000000000036,-0.9000000000000021,-0.19999999999999996,1.0,-23.333333333333314,-16.0,-7.333333333333329,-0.33333333333333326,1.0,11.333333333333314,41.0,-29.66666666666667,0.0,23
0,1,19,27,-381,-123,0.2999999999999998,-2,-42,-19,-10,337,8,0,0.7999999999999998,5,-107,-718,-14,-0.5,-51,-6,-3.5,-1.5999999999999996,-0.20000000000000018,0.6999999999999993,-0.15000000000000013,0.0,0.0,0.0,0.0,0.0,0.0,0.0,0.0,0.0,0.0,0
0,4,19,30,-1128,-167,-0.20000000000000018,-13,-104,-83,-136,-775,-1,-8,0.2999999999999998,-56,-22,-353,-8,-0.5999999999999996,-41,-13,-6.299999999999997,-7.9,-0.8999999999999995,-5.900000000000002,-0.3800000000000001,-5.666666666666668,-119.33333333333331,-123.33333333333331,4.0,1.0,-0.6666666666666679,-1.0,11.333333333333314,-12.333333333333329,0.3333333333333335,-4
0,6,19,20,-310,-75,0.10000000000000053,-1,-16,-13,-31,-153,-1,0,0.10000000000000053,-8,-43,-157,-4,0.10000000000000053,-12,-3,-3.3999999999999986,-1.1999999999999993,-0.09999999999999964,0.3000000000000007,-0.17999999999999994,-8.666666666666668,-134.66666666666666,-134.0,-0.6666666666666572,0.0,-8.333333333333332,-132.66666666666669,-67.0,-65.66666666666667,-0.33333333333333326,-1
0,15,19,21,-774,-56,-0.39999999999999947,-3,-41,-64,-38,-552,-5,-2,-0.5999999999999996,-18,-23,-222,-8,-0.2999999999999998,-34,-33,-6.200000000000003,-1.1999999999999993,0.10000000000000053,-2.400000000000002,-0.4099999999999999,-3.3333333333333357,-114.66666666666663,-137.33333333333331,22.66666666666667,0.0,1.6666666666666679,38.333333333333314,-2.3333333333333144,40.666666666666664,-1.3333333333333335,-21
0,17,19,20,-310,-75,0.10000000000000053,-1,-16,-13,-31,-153,-1,0,0.10000000000000053,-8,-43,-157,-4,0.10000000000000053,-12,-3,-3.3999999999999986,-1.1999999999999993,-0.09999999999999964,0.3000000000000007,-0.17999999999999994,-1.666666666666666,-99.66666666666669,-17.333333333333343,-82.33333333333333,0.3333333333333335,8.333333333333332,127.0,112.00000000000003,15.0,-1.3333333333333335,-3
0,8,20,30,-818,-92,-0.3000000000000007,-12,-88,-70,-105,-622,0,-8,0.1999999999999993,-48,21,-196,-4,-0.7000000000000002,-29,-10,-2.8999999999999986,-6.700000000000001,-0.7999999999999998,-6.200000000000003,-0.20000000000000018,5.333333333333336,119.66666666666669,59.333333333333314,60.333333333333336,0.0,-3.0,112.66666666666669,149.33333333333334,-36.66666666666666,0.0,7
0,10,20,23,19,69,-0.40000000000000036,-8,16,-17,-2,-95,-2,-6,-0.20000000000000018,14,62,114,2,-0.40000000000000036,-10,6,-0.10000000000000142,-4.700000000000001,0.09999999999999964,-2.0,-0.040000000000000036,7.333333333333334,146.33333333333331,167.33333333333331,-21.0,-1.3333333333333333,6.0,148.0,131.66666666666666,16.33333333333333,-0.33333333333333326,8
0,20,20,26,17,62,-0.3000000000000007,-11,8,-19,-19,-90,4,-5,0.09999999999999964,-2,80,107,6,-0.6000000000000005,9,-11,2.6999999999999957,-6.0,0.20000000000000018,-1.1000000000000014,0.27,2.333333333333332,81.00000000000003,51.66666666666667,29.33333333333333,1.0,-5.0,-122.0,-71.0,-51.0,0.6666666666666666,5
0,2,21,23,483,50,0.09999999999999964,-6,41,34,5,304,2,-4,0.5,24,42,179,6,0.0,12,36,2.700000000000003,-4.700000000000001,-0.10000000000000053,0.7000000000000028,0.18999999999999995,0.0,-48.0,-42.0,-6.0,1.0,-5.0,-93.0,-25.0,-68.0,1.0,6
0,4,21,25,397,38,0.09999999999999964,-13,34,40,1,371,3,-9,0.7000000000000002,24,40,26,7,-0.39999999999999947,21,28,2.5,-8.7,0.0,1.5,0.27,-0.3333333333333357,3.3333333333333144,5.333333333333343,-2.0,0.0,0.0,45.0,68.33333333333334,-23.33333333333333,0.0,15
0,5,21,24,549,20,0.39999999999999947,-7,23,3,-39,-151,4,-3,0.39999999999999947,-15,70,700,7,1.1,50,42,4.700000000000003,-6.4,-0.5,-0.3999999999999986,0.2799999999999998,6.333333333333332,159.0,135.66666666666669,23.333333333333343,-0.33333333333333337,4.0,34.333333333333314,77.33333333333337,-42.99999999999999,0.6666666666666667,-7
0,6,21,23,483,50,0.09999999999999964,-6,41,34,5,304,2,-4,0.5,24,42,179,6,0.0,12,36,2.700000000000003,-4.700000000000001,-0.10000000000000053,0.7000000000000028,0.18999999999999995,2.6666666666666643,20.0,95.33333333333331,-75.33333333333333,-0.6666666666666666,3.666666666666668,113.33333333333331,177.99999999999997,-64.66666666666667,0.0,-11
0,9,21,26,481,43,0.1999999999999993,-9,33,32,-12,309,8,-3,0.7999999999999998,8,60,172,10,-0.20000000000000018,31,19,5.5,-6.0,0.0,1.6000000000000014,0.5,-6.999999999999998,-109.0,-16.0,-93.0,2.6666666666666665,-10.666666666666668,-247.33333333333334,-149.33333333333331,-98.0,-1.666666666666667,-6
0,10,21,27,393,-67,0.6999999999999993,1,-1,45,28,889,13,2,1.3999999999999995,23,-84,-496,-6,-0.20000000000000018,-17,27,2.700000000000003,-0.40000000000000036,-0.3000000000000007,3.1000000000000014,0.2599999999999998,1.666666666666666,-10.666666666666686,37.333333333333314,-48.0,1.6666666666666667,-7.666666666666666,-148.66666666666669,-106.00000000000003,-42.66666666666667,-0.6666666666666666,3
0,11,21,24,549,20,0.39999999999999947,-7,23,3,-39,-151,4,-3,0.39999999999999947,-15,70,700,7,1.1,50,42,4.700000000000003,-6.4,-0.5,-0.3999999999999986,0.2799999999999998,10.666666666666666,148.0,103.33333333333334,44.66666666666667,2.333333333333333,10.999999999999998,200.33333333333334,164.0,36.33333333333333,1.0,-17
0,12,21,22,-18,-33,0.09999999999999964,-2,-19,-11,-51,-2,1,-6,0.5999999999999996,-17,17,-16,3,-0.20000000000000018,7,19,-0.7999999999999972,-2.3000000000000007,-0.6000000000000005,-2.299999999999997,-0.010000000000000231,10.666666666666666,181.0,162.33333333333334,18.666666666666657,2.333333333333333,12.333333333333334,193.33333333333331,126.66666666666669,66.66666666666667,-0.33333333333333326,13
0,13,21,28,1151,28,1.0,0,68,75,35,1038,17,-2,1.5,47,-8,113,3,0.40000000000000036,33,35,7.600000000000001,-0.10000000000000142,0.0,6.200000000000003,0.6599999999999999,9.666666666666666,186.66666666666666,139.66666666666669,47.00000000000001,2.3333333333333335,6.333333333333334,74.0,154.66666666666663,-80.66666666666667,0.0,17
0,16,21,29,644,-24,0.6999999999999993,-12,58,2,-60,-16,6,-6,0.7999999999999998,9,41,660,11,1.3000000000000003,46,10,9.100000000000001,-5.700000000000001,0.0,4.300000000000004,0.6599999999999999,2.0,96.0,138.66666666666669,-42.66666666666667,0.33333333333333326,-9.666666666666666,-141.66666666666669,-62.33333333333334,-79.33333333333331,1.6666666666666665,-3
0,17,21,22,-18,-33,0.09999999999999964,-2,-19,-11,-51,-2,1,-6,0.5999999999999996,-17,17,-16,3,-0.20000000000000018,7,19,-0.7999999999999972,-2.3000000000000007,-0.6000000000000005,-2.299999999999997,-0.010000000000000231,0.3333333333333357,67.66666666666669,118.66666666666669,-51.0,2.3333333333333335,-5.666666666666666,-37.66666666666663,14.333333333333343,-52.00000000000001,-0.3333333333333335,-6
0,5,22,29,662,9,0.5999999999999996,-10,77,13,-9,-14,5,0,0.20000000000000018,26,24,676,8,1.5000000000000004,39,-9,9.899999999999999,-3.4000000000000004,0.6000000000000005,6.600000000000001,0.6700000000000002,4.333333333333336,94.33333333333331,125.33333333333334,-31.0,0.6666666666666667,4.0,28.66666666666663,30.0,-1.3333333333333286,-0.6666666666666667,-21
0,6,22,27,411,-34,0.5999999999999996,3,18,56,79,891,12,8,0.7999999999999998,40,-101,-480,-9,0.0,-24,8,3.5,1.9000000000000004,0.2999999999999998,5.399999999999999,0.27,1.3333333333333357,36.333333333333314,134.33333333333334,-98.00000000000001,0.0,6.333333333333332,71.0,75.33333333333334,-4.333333333333329,0.0,-1
0,7,22,25,415,71,0.0,-11,53,51,52,373,2,-3,0.10000000000000053,41,23,42,4,-0.1999999999999993,14,9,3.299999999999997,-6.399999999999999,0.6000000000000005,3.799999999999997,0.28000000000000025,2.3333333333333357,29.0,29.333333333333314,-0.3333333333333286,-1.666666666666667,1.0,58.333333333333314,41.0,17.333333333333343,-1.0,-27
0,8,22,26,499,76,0.09999999999999964,-7,52,43,39,311,7,3,0.20000000000000018,25,43,188,7,0.0,24,0,6.299999999999997,-3.6999999999999993,0.6000000000000005,3.8999999999999986,0.5100000000000002,-2.3333333333333357,-63.0,18.666666666666686,-81.66666666666666,0.0,6.333333333333332,64.0,90.66666666666663,-26.66666666666667,-1.6666666666666667,-7
0,10,22,24,567,53,0.2999999999999998,-5,42,14,12,-149,3,3,-0.20000000000000018,2,53,716,4,1.3000000000000003,43,23,5.5,-4.1,0.10000000000000053,1.8999999999999986,0.29000000000000004,-2.666666666666666,-66.66666666666666,-6.333333333333343,-60.333333333333336,1.6666666666666667,5.0,71.33333333333334,10.0,61.33333333333333,-0.6666666666666666,17
0,11,22,23,501,83,0.0,-4,60,45,56,306,1,2,-0.09999999999999964,41,25,195,3,0.20000000000000018,5,17,3.5,-2.4000000000000004,0.5,3.0,0.20000000000000018,-2.0,-58.0,6.666666666666657,-64.66666666666667,-0.6666666666666667,-11.666666666666668,-191.66666666666666,-87.33333333333334,-104.33333333333333,-1.3333333333333333,26
0,13,22,24,567,53,0.2999999999999998,-5,42,14,12,-149,3,3,-0.20000000000000018,2,53,716,4,1.3000000000000003,43,23,5.5,-4.1,0.10000000000000053,1.8999999999999986,0.29000000000000004,1.3333333333333321,-17.666666666666686,-9.333333333333343,-8.333333333333329,0.6666666666666667,-5.333333333333336,33.666666666666686,46.333333333333314,-12.666666666666671,0.0,-8
0,14,22,23,501,83,0.0,-4,60,45,56,306,1,2,-0.09999999999999964,41,25,195,3,0.20000000000000018,5,17,3.5,-2.4000000000000004,0.5,3.0,0.20000000000000018,1.3333333333333321,19.33333333333337,40.33333333333334,-21.0,-0.6666666666666667,-4.0,-19.0,19.333333333333314,-38.33333333333333,1.6666666666666667,20
0,16,22,28,1169,61,0.9000000000000004,2,87,86,86,1040,16,4,0.9000000000000004,64,-25,129,0,0.6000000000000005,26,16,8.399999999999999,2.1999999999999993,0.6000000000000005,8.5,0.6700000000000002,7.666666666666666,114.33333333333331,73.33333333333334,41.0,0.0,-4.0,-89.0,-61.66666666666666,-27.333333333333343,1.6666666666666667,12
0,1,23,25,-86,-12,0.0,-7,-7,6,-4,67,1,-5,0.20000000000000018,0,-2,-153,1,-0.39999999999999947,9,-8,-0.20000000000000284,-3.9999999999999982,0.10000000000000053,0.7999999999999972,0.08000000000000007,0.0,0.0,0.0,0.0,0.0,0.0,0.0,0.0,0.0,0.0,-3
0,3,23,27,-90,-117,0.5999999999999996,7,-42,11,23,585,11,6,0.8999999999999995,-1,-126,-675,-12,-0.20000000000000018,-29,-9,0.0,4.300000000000001,-0.20000000000000018,2.3999999999999986,0.06999999999999984,2.5,-20.5,-37.5,17.0,1.5,-5.5,-139.5,-123.5,-16.0,-0.5,18
0,4,23,29,161,-74,0.5999999999999996,-6,17,-32,-65,-320,4,-2,0.2999999999999998,-15,-1,481,5,1.3000000000000003,34,-26,6.399999999999999,-1.0,0.10000000000000053,3.6000000000000014,0.47,1.0,18.333333333333314,20.333333333333314,-2.0,1.0,-1.3333333333333321,-90.33333333333337,-111.33333333333334,21.0,0.0,6
0,5,23,28,668,-22,0.9000000000000004,6,27,41,30,734,15,2,1.0,23,-50,-66,-3,0.40000000000000036,21,-1,4.899999999999999,4.6,0.10000000000000053,5.5,0.47,2.333333333333332,11.333333333333314,62.66666666666666,-51.33333333333334,1.3333333333333335,-0.6666666666666679,-57.666666666666686,-81.66666666666666,24.0,0.6666666666666666,7
0,12,23,24,66,-30,0.2999999999999998,-1,-18,-31,-44,-455,2,1,-0.10000000000000053,-39,28,521,1,1.1,38,6,2.0,-1.6999999999999993,-0.39999999999999947,-1.1000000000000014,0.08999999999999986,8.666666666666668,160.00000000000003,96.0,64.0,2.3333333333333335,7.333333333333332,172.33333333333331,119.33333333333334,53.00000000000001,-0.6666666666666667,-3
0,15,23,26,-2,-7,0.09999999999999964,-3,-8,-2,-17,5,6,1,0.2999999999999998,-16,18,-7,4,-0.20000000000000018,19,-17,2.799999999999997,-1.299999999999999,0.10000000000000053,0.8999999999999986,0.31000000000000005,7.0,-42.0,28.666666666666686,-70.66666666666667,0.6666666666666667,-0.33333333333333215,29.33333333333337,-30.333333333333343,59.66666666666667,-3.0,-6
0,17,23,24,66,-30,0.2999999999999998,-1,-18,-31,-44,-455,2,1,-0.10000000000000053,-39,28,521,1,1.1,38,6,2.0,-1.6999999999999993,-0.39999999999999947,-1.1000000000000014,0.08999999999999986,-1.3333333333333321,-73.66666666666669,-72.66666666666666,-1.0,3.0,3.3333333333333357,31.66666666666663,-26.333333333333314,58.0,-0.3333333333333333,-32
0,1,24,29,95,-44,0.2999999999999998,-5,35,-1,-21,135,2,-3,0.40000000000000036,24,-29,-40,4,0.20000000000000018,-4,-32,4.399999999999999,0.6999999999999993,0.5,4.700000000000003,0.3800000000000001,0.0,0.0,0.0,0.0,0.0,0.0,0.0,0.0,0.0,0.0,2
0,2,24,25,-152,18,-0.2999999999999998,-6,11,37,40,522,-1,-6,0.3000000000000007,39,-30,-674,0,-1.4999999999999996,-29,-14,-2.200000000000003,-2.299999999999999,0.5,1.8999999999999986,-0.009999999999999787,3.0,161.0,179.0,-18.0,0.0,1.0,71.0,18.0,53.0,-2.0,-18
0,3,24,26,-68,23,-0.20000000000000018,-2,10,29,27,460,4,0,0.40000000000000036,23,-10,-528,3,-1.3000000000000003,-19,-23,0.7999999999999972,0.40000000000000036,0.5,2.0,0.2200000000000002,1.5,48.5,57.5,-9.0,-0.5,1.5,52.0,-38.0,90.0,-1.0,6
0,6,24,28,602,8,0.6000000000000005,7,45,72,74,1189,13,1,1.1000000000000005,62,-78,-587,-4,-0.6999999999999997,-17,-7,2.8999999999999986,6.299999999999999,0.5,6.600000000000001,0.3800000000000001,-2.3333333333333357,-88.66666666666669,-25.666666666666686,-62.999999999999986,0.0,-0.6666666666666679,-44.333333333333314,21.333333333333343,-65.66666666666667,0.6666666666666666,7
0,8,24,27,-156,-87,0.2999999999999998,8,-24,42,67,1040,9,5,1.0,38,-154,-1196,-13,-1.3000000000000003,-67,-15,-2.0,6.0,0.1999999999999993,3.5,-0.020000000000000018,-0.3333333333333357,2.0,54.33333333333334,-52.33333333333333,0.3333333333333333,-8.999999999999998,-115.66666666666666,-71.66666666666666,-44.0,0.0,22
0,5,25,26,84,5,0.09999999999999964,4,-1,-8,-13,-62,5,6,0.09999999999999964,-16,20,146,3,0.1999999999999993,10,-9,3.0,2.6999999999999993,0.0,0.10000000000000142,0.22999999999999998,1.3333333333333321,-12.333333333333314,34.66666666666663,-47.0,1.6666666666666665,2.666666666666668,43.666666666666686,58.33333333333334,-14.666666666666671,0.0,-1
0,12,25,31,1050,-14,1.2000000000000002,13,36,10,-44,420,10,6,1.1999999999999993,11,32,630,1,1.3999999999999995,19,-14,9.100000000000001,7.399999999999999,0.0,6.200000000000003,0.5199999999999998,-14.000000000000002,-217.66666666666666,-83.0,-134.66666666666666,1.0,-9.000000000000002,-113.66666666666669,-34.66666666666666,-79.0,-1.3333333333333335,-39
0,13,25,27,-4,-105,0.5999999999999996,14,-35,5,27,518,10,11,0.6999999999999993,-1,-124,-522,-13,0.1999999999999993,-38,-1,0.20000000000000284,8.299999999999999,-0.3000000000000007,1.6000000000000014,-0.010000000000000231,0.6666666666666679,42.33333333333334,39.0,3.3333333333333286,1.3333333333333333,3.666666666666668,40.333333333333314,-42.66666666666666,83.0,-0.6666666666666667,27
0,14,25,26,84,5,0.09999999999999964,4,-1,-8,-13,-62,5,6,0.09999999999999964,-16,20,146,3,0.1999999999999993,10,-9,3.0,2.6999999999999993,0.0,0.10000000000000142,0.22999999999999998,5.333333333333334,87.0,129.66666666666666,-42.66666666666666,0.0,6.999999999999998,82.33333333333334,-0.6666666666666856,83.0,-2.0,16
0,17,25,27,-4,-105,0.5999999999999996,14,-35,5,27,518,10,11,0.6999999999999993,-1,-124,-522,-13,0.1999999999999993,-38,-1,0.20000000000000284,8.299999999999999,-0.3000000000000007,1.6000000000000014,-0.010000000000000231,3.0,15.333333333333371,113.33333333333331,-98.00000000000001,0.0,0.6666666666666679,75.0,40.0,34.999999999999986,-0.6666666666666667,7
0,4,26,27,-88,-110,0.5,10,-34,13,40,580,5,5,0.5999999999999996,15,-144,-668,-16,0.0,-48,8,-2.799999999999997,5.6,-0.3000000000000007,1.5,-0.2400000000000002,2.0,62.333333333333314,36.33333333333334,26.0,0.33333333333333326,-5.333333333333332,-125.0,-35.66666666666666,-89.33333333333333,0.6666666666666667,17
0,7,26,31,966,-19,1.1000000000000005,9,37,18,-31,482,5,0,1.0999999999999996,27,12,484,-2,1.2000000000000002,9,-5,6.100000000000001,4.699999999999999,0.0,6.100000000000001,0.2899999999999998,1.0,18.0,60.66666666666666,-42.666666666666686,-1.666666666666667,2.3333333333333357,51.66666666666663,34.66666666666666,17.0,1.0000000000000002,-14
0,16,26,27,-88,-110,0.5,10,-34,13,40,580,5,5,0.5999999999999996,15,-144,-668,-16,0.0,-48,8,-2.799999999999997,5.6,-0.3000000000000007,1.5,-0.2400000000000002,1.6666666666666643,100.33333333333331,64.66666666666666,35.66666666666667,-0.3333333333333335,-0.33333333333333215,2.0,15.0,-13.0,1.3333333333333333,-14
0,2,27,31,1054,91,0.6000000000000005,-1,71,5,-71,-98,0,-5,0.5,12,156,1152,14,1.2000000000000002,57,-13,8.899999999999999,-0.9000000000000004,0.3000000000000007,4.600000000000001,0.53,-10.0,-256.0,-103.0,-153.0,1.0,11.0,277.0,182.0,95.0,-1.0,-6
0,1,28,30,-1505,-139,-0.8000000000000007,-10,-131,-94,-133,-1261,-13,-4,-0.6000000000000005,-85,9,-244,-3,-0.7000000000000002,-40,-15,-7.699999999999996,-6.6,-1.0,-9.700000000000003,-0.6300000000000001,0.0,0.0,0.0,0.0,0.0,0.0,0.0,0.0,0.0,0.0,-14
0,2,28,29,-507,-52,-0.3000000000000007,-12,-10,-73,-95,-1054,-11,-4,-0.7000000000000002,-38,49,547,8,0.8999999999999999,13,-25,1.5,-5.6,0.0,-1.8999999999999986,0.0,-4.0,14.0,113.0,-99.0,1.0,-1.0,-19.0,16.0,-35.0,-1.0,-1
0,9,28,29,-507,-52,-0.3000000000000007,-12,-10,-73,-95,-1054,-11,-4,-0.7000000000000002,-38,49,547,8,0.8999999999999999,13,-25,1.5,-5.6,0.0,-1.8999999999999986,0.0,-10.333333333333332,-58.666666666666686,-51.99999999999997,-6.666666666666657,-1.0,-1.3333333333333321,-80.0,-71.66666666666666,-8.333333333333329,1.3333333333333335,-23
0,6,29,30,-998,-87,-0.5,2,-121,-21,-38,-207,-2,0,0.09999999999999964,-47,-40,-791,-11,-1.6,-53,10,-9.199999999999996,-1.0,-1.0,-7.800000000000004,-0.6300000000000001,-1.6666666666666679,-11.0,-25.0,14.0,0.0,-6.666666666666668,-64.66666666666669,50.33333333333334,-114.99999999999999,0.6666666666666667,7
0,11,29,31,803,48,0.6000000000000005,12,12,48,17,807,7,3,1.0999999999999996,26,31,-4,-3,-0.30000000000000027,-6,4,2.5,4.4,0.0,3.3999999999999986,0.1299999999999999,1.333333333333334,15.666666666666657,15.666666666666657,0.0,-0.6666666666666667,-2.333333333333334,28.333333333333314,49.66666666666666,-21.333333333333336,-0.3333333333333335,-34
0,20,29,30,-998,-87,-0.5,2,-121,-21,-38,-207,-2,0,0.09999999999999964,-47,-40,-791,-11,-1.6,-53,10,-9.199999999999996,-1.0,-1.0,-7.800000000000004,-0.6300000000000001,-2.0,-36.33333333333334,-26.333333333333343,-10.0,0.0,0.33333333333333215,28.0,-43.66666666666666,71.66666666666667,-0.6666666666666667,-20
0,3,30,31,1801,135,1.1000000000000005,10,133,69,55,1014,9,3,1.0,73,71,787,8,1.2999999999999998,47,-6,11.699999999999996,5.4,1.0,11.200000000000003,0.76,-4.5,-62.5,89.0,-151.5,0.5,5.0,93.0,8.5,84.5,0.5,5
